date,window,baseline_latest,00632r_zero_to_cash,baseline_00632r_weight,guarded_cash_weight
2024-01-02,live_2024_2026,998420.7860836734,998420.7860836734,0.0,0.17833154737222945
2024-01-03,live_2024_2026,983480.9748841755,983480.9748841755,0.0,0.17833154737222945
2024-01-04,live_2024_2026,983032.4841137014,983032.4841137014,0.0,0.17833154737222945
2024-01-05,live_2024_2026,980817.1465356471,980817.1465356471,0.0,0.17833154737222945
2024-01-08,live_2024_2026,984613.482465675,984613.482465675,0.0,0.17833154737222945
2024-01-09,live_2024_2026,985208.9205730945,985208.9205730945,0.0,0.17833154737222945
2024-01-10,live_2024_2026,979940.4518399041,979940.4518399041,0.0,0.17833154737222945
2024-01-11,live_2024_2026,984497.4774582516,984497.4774582516,0.0,0.17833154737222945
2024-01-12,live_2024_2026,982180.1783753978,982180.1783753978,0.0,0.17833154737222945
2024-01-16,live_2024_2026,975400.8168255744,975400.8168255744,0.0,0.17833154737222945
2024-01-17,live_2024_2026,967000.487249568,967000.487249568,0.0,0.17833154737222945
2024-01-18,live_2024_2026,970780.6556717467,970780.6556717467,0.0,0.17833154737222945
2024-01-19,live_2024_2026,997658.9268800686,997658.9268800686,0.0,0.17833154737222945
2024-01-22,live_2024_2026,1004323.4765543906,1004323.4765543906,0.0,0.17833154737222945
2024-01-23,live_2024_2026,1006755.3564039987,1006755.3564039987,0.0,0.17833154737222945
2024-01-24,live_2024_2026,1006973.1809091768,1006973.1809091768,0.0,0.17833154737222945
2024-01-25,live_2024_2026,1016473.0648115114,1016473.0648115114,0.0,0.17833154737222945
2024-01-26,live_2024_2026,1015897.1521913623,1015897.1521913623,0.0,0.17833154737222945
2024-01-29,live_2024_2026,1023041.6710270402,1023041.6710270402,0.0,0.17833154737222945
2024-01-30,live_2024_2026,1020888.9998204984,1020888.9998204984,0.0,0.17833154737222945
2024-01-31,live_2024_2026,1009800.382070852,1009800.382070852,0.0,0.17833154737222945
2024-02-01,live_2024_2026,1011042.1902147136,1011042.1902147136,0.0,0.17833154737222945
2024-02-02,live_2024_2026,1016506.4049920206,1016506.4049920206,0.0,0.17833154737222945
2024-02-05,live_2024_2026,1020090.594030065,1020090.594030065,0.0,0.17833154737222945
2024-02-15,live_2024_2026,1057863.039241503,1057863.039241503,0.0,0.17833154737222945
2024-02-16,live_2024_2026,1053665.1189314516,1053665.1189314516,0.0,0.17833154737222945
2024-02-19,live_2024_2026,1054159.3980574876,1054159.3980574876,0.0,0.17833154737222945
2024-02-20,live_2024_2026,1057681.9941406806,1057681.9941406806,0.0,0.17833154737222945
2024-02-21,live_2024_2026,1055145.6596217824,1055145.6596217824,0.0,0.17833154737222945
2024-02-22,live_2024_2026,1066511.251362391,1066511.251362391,0.0,0.17833154737222945
2024-02-23,live_2024_2026,1070241.6668491047,1070241.6668491047,0.0,0.17833154737222945
2024-02-26,live_2024_2026,1072957.354990649,1072957.354990649,0.0,0.17833154737222945
2024-02-27,live_2024_2026,1068306.188967209,1068306.188967209,0.0,0.17833154737222945
2024-02-29,live_2024_2026,1069828.815920381,1069828.815920381,0.0,0.17833154737222945
2024-03-01,live_2024_2026,1067597.0837566492,1067597.0837566492,0.0,0.17833154737222945
2024-03-04,live_2024_2026,1092876.4205424273,1092876.4205424273,0.0,0.17833154737222945
2024-03-05,live_2024_2026,1100525.727251551,1100525.727251551,0.0,0.17833154737222945
2024-03-06,live_2024_2026,1106691.01171969,1106691.01171969,0.0,0.17833154737222945
2024-03-07,live_2024_2026,1125704.1788256569,1125704.1788256569,0.0,0.17833154737222945
2024-03-08,live_2024_2026,1135914.2854481847,1135914.2854481847,0.0,0.17833154737222945
2024-03-11,live_2024_2026,1128561.3655306576,1128561.3655306576,0.0,0.17833154737222945
2024-03-12,live_2024_2026,1141576.11400876,1141576.11400876,0.0,0.17833154737222945
2024-03-13,live_2024_2026,1145840.742872642,1145840.742872642,0.0,0.17833154737222945
2024-03-14,live_2024_2026,1144359.1432341628,1144359.1432341628,0.0,0.17833154737222945
2024-03-15,live_2024_2026,1133272.5618852999,1133272.5618852999,0.0,0.17833154737222945
2024-03-19,live_2024_2026,1139527.979067188,1139527.979067188,0.0,0.17833154737222945
2024-03-21,live_2024_2026,1162721.0889369673,1162721.0889369673,0.0,0.17833154737222945
2024-03-22,live_2024_2026,1160040.3696115483,1160040.3696115483,0.0,0.17833154737222945
2024-03-27,live_2024_2026,1162941.8314330343,1162941.8314330343,0.0,0.17833154737222945
2024-03-28,live_2024_2026,1159258.0835558872,1159258.0835558872,0.0,0.17833154737222945
2024-03-29,live_2024_2026,1164005.8395728096,1164005.8395728096,0.0,0.17833154737222945
2024-04-01,live_2024_2026,1162166.6598925097,1162166.6598925097,0.0,0.17833154737222945
2024-04-02,live_2024_2026,1176990.5526463555,1176990.5526463555,0.0,0.17833154737222945
2024-04-03,live_2024_2026,1169307.46834946,1169307.46834946,0.0,0.17833154737222945
2024-04-08,live_2024_2026,1175871.2860748891,1175871.2860748891,0.0,0.17833154737222945
2024-04-09,live_2024_2026,1200509.709048732,1200509.709048732,0.0,0.17833154737222945
2024-04-10,live_2024_2026,1198881.8739023018,1198881.8739023018,0.0,0.17833154737222945
2024-04-11,live_2024_2026,1194522.3469281155,1194522.3469281155,0.0,0.17833154737222945
2024-04-12,live_2024_2026,1193558.2516062995,1193558.2516062995,0.0,0.17833154737222945
2024-04-15,live_2024_2026,1179169.6728635957,1179169.6728635957,0.0,0.17833154737222945
2024-04-16,live_2024_2026,1145657.3212428608,1145657.3212428608,0.0,0.17833154737222945
2024-04-17,live_2024_2026,1159128.849189233,1159128.849189233,0.0,0.17833154737222945
2024-04-18,live_2024_2026,1169467.4567570633,1169467.4567570633,0.0,0.17833154737222945
2024-04-19,live_2024_2026,1117701.5274842975,1117701.5274842975,0.0,0.17833154737222945
2024-04-22,live_2024_2026,1115622.3445310895,1115622.3445310895,0.0,0.17833154737222945
2024-04-23,live_2024_2026,1124921.4885009257,1124921.4885009257,0.0,0.17833154737222945
2024-04-24,live_2024_2026,1155142.4176841183,1155142.4176841183,0.0,0.17833154737222945
2024-04-25,live_2024_2026,1136661.0847243366,1136661.0847243366,0.0,0.17833154737222945
2024-04-26,live_2024_2026,1153930.7773410312,1153930.7773410312,0.0,0.17833154737222945
2024-04-29,live_2024_2026,1174840.5685433808,1174840.5685433808,0.0,0.17833154737222945
2024-04-30,live_2024_2026,1171317.9111966789,1171317.9111966789,0.0,0.17833154737222945
2024-05-02,live_2024_2026,1159646.516065731,1159646.516065731,0.0,0.17833154737222945
2024-05-03,live_2024_2026,1164005.9844784327,1164005.9844784327,0.0,0.17833154737222945
2024-05-06,live_2024_2026,1179889.6451684707,1179889.6451684707,0.0,0.17833154737222945
2024-05-07,live_2024_2026,1184874.6413768106,1184874.6413768106,0.0,0.17833154737222945
2024-05-08,live_2024_2026,1188954.2270505237,1188954.2270505237,0.0,0.17833154737222945
2024-05-09,live_2024_2026,1185552.793574153,1185552.793574153,0.0,0.17833154737222945
2024-05-10,live_2024_2026,1194069.6275066065,1194069.6275066065,0.0,0.17833154737222945
2024-05-13,live_2024_2026,1202580.3515513719,1202580.3515513719,0.0,0.17833154737222945
2024-05-14,live_2024_2026,1210733.8179147372,1210733.8179147372,0.0,0.17833154737222945
2024-05-15,live_2024_2026,1224621.0000846896,1224621.0000846896,0.0,0.17833154737222945
2024-05-16,live_2024_2026,1232519.9549591467,1232519.9549591467,0.0,0.17833154737222945
2024-05-17,live_2024_2026,1229971.457946899,1229971.457946899,0.0,0.17833154737222945
2024-05-20,live_2024_2026,1228943.8315502545,1228943.8315502545,0.0,0.17833154737222945
2024-05-21,live_2024_2026,1227107.7836231864,1227107.7836231864,0.0,0.17833154737222945
2024-05-22,live_2024_2026,1247602.752735832,1247602.752735832,0.0,0.17833154737222945
2024-05-23,live_2024_2026,1253556.3982350621,1253556.3982350621,0.0,0.17833154737222945
2024-05-24,live_2024_2026,1249941.1736405937,1249941.1736405937,0.0,0.17833154737222945
2024-05-27,live_2024_2026,1266964.8047153684,1266964.8047153684,0.0,0.17833154737222945
2024-05-28,live_2024_2026,1270078.5713063485,1270078.5713063485,0.0,0.17833154737222945
2024-05-29,live_2024_2026,1254492.9212357155,1254492.9212357155,0.0,0.17833154737222945
2024-05-30,live_2024_2026,1232954.5322123554,1232954.5322123554,0.0,0.17833154737222945
2024-05-31,live_2024_2026,1223286.4403328605,1223286.4403328605,0.0,0.17833154737222945
2024-06-03,live_2024_2026,1246886.438011717,1246886.438011717,0.0,0.17833154737222945
2024-06-04,live_2024_2026,1228778.8018969498,1228778.8018969498,0.0,0.17833154737222945
2024-06-05,live_2024_2026,1237840.4482039413,1237840.4482039413,0.0,0.17833154737222945
2024-06-06,live_2024_2026,1272106.583629804,1272106.583629804,0.0,0.17833154737222945
2024-06-07,live_2024_2026,1266066.6705914082,1266066.6705914082,0.0,0.17833154737222945
2024-06-11,live_2024_2026,1267130.5589061903,1267130.5589061903,0.0,0.17833154737222945
2024-06-12,live_2024_2026,1285942.7842381375,1285942.7842381375,0.0,0.17833154737222945
2024-06-13,live_2024_2026,1303984.5448646303,1303984.5448646303,0.0,0.17833154737222945
2024-06-14,live_2024_2026,1312108.829245231,1312108.829245231,0.0,0.17833154737222945
2024-06-17,live_2024_2026,1312465.0583174617,1312465.0583174617,0.0,0.17833154737222945
2024-06-18,live_2024_2026,1332924.6652666123,1332924.6652666123,0.0,0.17833154737222945
2024-06-19,live_2024_2026,1364950.25870475,1364950.25870475,0.0,0.17833154737222945
2024-06-20,live_2024_2026,1378364.7015902374,1378364.7015902374,0.0,0.17833154737222945
2024-06-21,live_2024_2026,1370325.9157762374,1370325.9157762374,0.0,0.17833154737222945
2024-06-24,live_2024_2026,1338739.1921996232,1338739.1921996232,0.0,0.17833154737222945
2024-06-25,live_2024_2026,1338364.9854652765,1338364.9854652765,0.0,0.17833154737222945
2024-06-26,live_2024_2026,1347078.8341765401,1347078.8341765401,0.0,0.17833154737222945
2024-06-27,live_2024_2026,1344619.3063787916,1344619.3063787916,0.0,0.17833154737222945
2024-06-28,live_2024_2026,1353987.5267069137,1353987.5267069137,0.0,0.17833154737222945
2024-07-01,live_2024_2026,1355564.1873625314,1355564.1873625314,0.0,0.17833154737222945
2024-07-02,live_2024_2026,1347168.9028656424,1347168.9028656424,0.0,0.17833154737222945
2024-07-03,live_2024_2026,1364705.9263546513,1364705.9263546513,0.0,0.17833154737222945
2024-07-04,live_2024_2026,1397211.180430515,1397211.180430515,0.0,0.17833154737222945
2024-07-05,live_2024_2026,1393173.405283396,1393173.405283396,0.0,0.17833154737222945
2024-07-08,live_2024_2026,1426448.8448521306,1426448.8448521306,0.0,0.17833154737222945
2024-07-09,live_2024_2026,1423456.1661400623,1423456.1661400623,0.0,0.17833154737222945
2024-07-10,live_2024_2026,1428237.0761907117,1428237.0761907117,0.0,0.17833154737222945
2024-07-11,live_2024_2026,1456563.1588404595,1456563.1588404595,0.0,0.17833154737222945
2024-07-12,live_2024_2026,1416571.9479470456,1416571.9479470456,0.0,0.17833154737222945
2024-07-15,live_2024_2026,1418220.7484694263,1418220.7484694263,0.0,0.17833154737222945
2024-07-16,live_2024_2026,1425939.2473964742,1425939.2473964742,0.0,0.17833154737222945
2024-07-17,live_2024_2026,1410003.6025984131,1410003.6025984131,0.0,0.17833154737222945
2024-07-18,live_2024_2026,1386273.9211376219,1386273.9211376219,0.0,0.17833154737222945
2024-07-19,live_2024_2026,1354068.5743781955,1354068.5743781955,0.0,0.17833154737222945
2024-07-22,live_2024_2026,1317309.4280579349,1317309.4280579349,0.0,0.17833154737222945
2024-07-23,live_2024_2026,1354151.2620966474,1354151.2620966474,0.0,0.17833154737222945
2024-07-26,live_2024_2026,1305472.6397564863,1305472.6397564863,0.0,0.17833154737222945
2024-07-29,live_2024_2026,1313678.4456853902,1313678.4456853902,0.0,0.17833154737222945
2024-07-30,live_2024_2026,1313268.0288458273,1313268.0288458273,0.0,0.17833154737222945
2024-07-31,live_2024_2026,1314592.5654498315,1314592.5654498315,0.0,0.17833154737222945
2024-08-01,live_2024_2026,1337723.3012070362,1337723.3012070362,0.0,0.17833154737222945
2024-08-02,live_2024_2026,1271712.5013039405,1271712.5013039405,0.0,0.17833154737222945
2024-08-05,live_2024_2026,1151553.6487301704,1151553.6487301704,0.0,0.17833154737222945
2024-08-06,live_2024_2026,1208966.5448032906,1208966.5448032906,0.0,0.17833154737222945
2024-08-07,live_2024_2026,1255969.7044267089,1255969.7044267089,0.0,0.17833154737222945
2024-08-08,live_2024_2026,1230237.8998987565,1230237.8998987565,0.0,0.17833154737222945
2024-08-09,live_2024_2026,1266547.4922641744,1266547.4922641744,0.0,0.17833154737222945
2024-08-12,live_2024_2026,1282823.1098962363,1282823.1098962363,0.0,0.17833154737222945
2024-08-13,live_2024_2026,1286482.6847681487,1286482.6847681487,0.0,0.17833154737222945
2024-08-14,live_2024_2026,1302453.2302939645,1302453.2302939645,0.0,0.17833154737222945
2024-08-15,live_2024_2026,1293966.0230973626,1293966.0230973626,0.0,0.17833154737222945
2024-08-16,live_2024_2026,1322370.714746481,1322370.714746481,0.0,0.17833154737222945
2024-08-19,live_2024_2026,1323508.9775358168,1323508.9775358168,0.0,0.17833154737222945
2024-08-20,live_2024_2026,1324956.3025511443,1324956.3025511443,0.0,0.17833154737222945
2024-08-21,live_2024_2026,1313479.2463407072,1313479.2463407072,0.0,0.17833154737222945
2024-08-22,live_2024_2026,1306030.1492529232,1306030.1492529232,0.0,0.17833154737222945
2024-08-23,live_2024_2026,1308357.047233066,1308357.047233066,0.0,0.17833154737222945
2024-08-26,live_2024_2026,1310661.1304343818,1310661.1304343818,0.0,0.17833154737222945
2024-08-27,live_2024_2026,1307691.4248001133,1307691.4248001133,0.0,0.17833154737222945
2024-08-28,live_2024_2026,1322889.1549678824,1322889.1549678824,0.0,0.17833154737222945
2024-08-29,live_2024_2026,1307942.9180989913,1307942.9180989913,0.0,0.17833154737222945
2024-08-30,live_2024_2026,1314538.716019463,1314538.716019463,0.0,0.17833154737222945
2024-09-02,live_2024_2026,1310836.560093471,1310836.560093471,0.0,0.17833154737222945
2024-09-03,live_2024_2026,1304830.3116737956,1304830.3116737956,0.0,0.17833154737222945
2024-09-04,live_2024_2026,1241713.8847816559,1241713.8847816559,0.0,0.17833154737222945
2024-09-05,live_2024_2026,1248229.729851453,1248229.729851453,0.0,0.17833154737222945
2024-09-06,live_2024_2026,1264440.4215674722,1264440.4215674722,0.0,0.17833154737222945
2024-09-09,live_2024_2026,1247143.8769795017,1247143.8769795017,0.0,0.17833154737222945
2024-09-10,live_2024_2026,1247325.9936180946,1247325.9936180946,0.0,0.17833154737222945
2024-09-11,live_2024_2026,1243285.5176912476,1243285.5176912476,0.0,0.17833154737222945
2024-09-12,live_2024_2026,1286347.3731020673,1286347.3731020673,0.0,0.17833154737222945
2024-09-13,live_2024_2026,1289588.8619942483,1289588.8619942483,0.0,0.17833154737222945
2024-09-16,live_2024_2026,1292273.5971409162,1292273.5971409162,0.0,0.17833154737222945
2024-09-18,live_2024_2026,1284462.0783584623,1284462.0783584623,0.0,0.17833154737222945
2024-09-19,live_2024_2026,1301962.519296305,1301962.519296305,0.0,0.17833154737222945
2024-09-20,live_2024_2026,1314580.128806419,1314580.128806419,0.0,0.17833154737222945
2024-09-23,live_2024_2026,1322159.0624327403,1322159.0624327403,0.0,0.17833154737222945
2024-09-24,live_2024_2026,1333457.3760933497,1333457.3760933497,0.0,0.17833154737222945
2024-09-25,live_2024_2026,1352998.7871693652,1352998.7871693652,0.0,0.17833154737222945
2024-09-26,live_2024_2026,1362475.4683927256,1362475.4683927256,0.0,0.17833154737222945
2024-09-27,live_2024_2026,1360393.2736227086,1360393.2736227086,0.0,0.17833154737222945
2024-09-30,live_2024_2026,1325573.271983707,1325573.271983707,0.0,0.17833154737222945
2024-10-01,live_2024_2026,1324486.0304744437,1324486.0304744437,0.0,0.17833154737222945
2024-10-04,live_2024_2026,1321689.0305499563,1321689.0305499563,0.0,0.17833154737222945
2024-10-07,live_2024_2026,1351969.497458843,1351969.497458843,0.0,0.17833154737222945
2024-10-08,live_2024_2026,1342797.6916050883,1342797.6916050883,0.0,0.17833154737222945
2024-10-09,live_2024_2026,1352134.8154141053,1352134.8154141053,0.0,0.17833154737222945
2024-10-11,live_2024_2026,1371065.1571147665,1371065.1571147665,0.0,0.17833154737222945
2024-10-14,live_2024_2026,1373635.0433483445,1373635.0433483445,0.0,0.17833154737222945
2024-10-15,live_2024_2026,1398438.202836543,1398438.202836543,0.0,0.17833154737222945
2024-10-16,live_2024_2026,1377224.0583622837,1377224.0583622837,0.0,0.17833154737222945
2024-10-17,live_2024_2026,1381263.7534403696,1381263.7534403696,0.0,0.17833154737222945
2024-10-18,live_2024_2026,1411192.2319611926,1411192.2319611926,0.0,0.17833154737222945
2024-10-21,live_2024_2026,1411208.4354454644,1411208.4354454644,0.0,0.17833154737222945
2024-10-22,live_2024_2026,1407506.7669891354,1407506.7669891354,0.0,0.17833154737222945
2024-10-23,live_2024_2026,1397167.093478466,1397167.093478466,0.0,0.17833154737222945
2024-10-24,live_2024_2026,1389749.3347848116,1389749.3347848116,0.0,0.17833154737222945
2024-10-25,live_2024_2026,1399820.5672062666,1399820.5672062666,0.0,0.17833154737222945
2024-10-28,live_2024_2026,1396075.9097709476,1396075.9097709476,0.0,0.17833154737222945
2024-10-29,live_2024_2026,1367170.433485076,1367170.433485076,0.0,0.17833154737222945
2024-10-30,live_2024_2026,1367295.2098276129,1367295.2098276129,0.0,0.17833154737222945
2024-11-01,live_2024_2026,1358680.887267257,1358680.887267257,0.0,0.17833154737222945
2024-11-04,live_2024_2026,1374500.5877746004,1374500.5877746004,0.0,0.17833154737222945
2024-11-05,live_2024_2026,1378900.3868085365,1378900.3868085365,0.0,0.17833154737222945
2024-11-06,live_2024_2026,1389066.6411464126,1389066.6411464126,0.0,0.17833154737222945
2024-11-07,live_2024_2026,1403622.0941552888,1403622.0941552888,0.0,0.17833154737222945
2024-11-08,live_2024_2026,1412609.3215606622,1412609.3215606622,0.0,0.17833154737222945
2024-11-11,live_2024_2026,1412191.4979451906,1412191.4979451906,0.0,0.17833154737222945
2024-11-12,live_2024_2026,1374790.5060935235,1374790.5060935235,0.0,0.17833154737222945
2024-11-13,live_2024_2026,1368124.769853823,1368124.769853823,0.0,0.17833154737222945
2024-11-14,live_2024_2026,1355158.4310954323,1355158.4310954323,0.0,0.17833154737222945
2024-11-15,live_2024_2026,1365188.9571088392,1365188.9571088392,0.0,0.17833154737222945
2024-11-18,live_2024_2026,1346674.4745517848,1346674.4745517848,0.0,0.17833154737222945
2024-11-19,live_2024_2026,1364492.4474230602,1364492.4474230602,0.0,0.17833154737222945
2024-11-20,live_2024_2026,1358749.4706567263,1358749.4706567263,0.0,0.17833154737222945
2024-11-21,live_2024_2026,1345921.078955408,1345921.078955408,0.0,0.17833154737222945
2024-11-22,live_2024_2026,1370256.8647324818,1370256.8647324818,0.0,0.17833154737222945
2024-11-25,live_2024_2026,1369243.2947087402,1369243.2947087402,0.0,0.17833154737222945
2024-11-26,live_2024_2026,1350003.28629066,1350003.28629066,0.0,0.17833154737222945
2024-11-27,live_2024_2026,1330815.7259571073,1330815.7259571073,0.0,0.17833154737222945
2024-11-28,live_2024_2026,1327311.7449956986,1327311.7449956986,0.0,0.17833154737222945
2024-11-29,live_2024_2026,1330820.9458059107,1330820.9458059107,0.0,0.17833154737222945
2024-12-02,live_2024_2026,1360015.6335031337,1360015.6335031337,0.0,0.17833154737222945
2024-12-03,live_2024_2026,1376783.4123868467,1376783.4123868467,0.0,0.17833154737222945
2024-12-11,live_2024_2026,1367176.2013084656,1367176.2013084656,0.0,0.17833154737222945
2024-12-12,live_2024_2026,1380999.420857471,1380999.420857471,0.0,0.17833154737222945
2024-12-13,live_2024_2026,1379904.4466494455,1379904.4466494455,0.0,0.17833154737222945
2024-12-16,live_2024_2026,1381714.7668175914,1381714.7668175914,0.0,0.17833154737222945
2024-12-17,live_2024_2026,1388268.3612569307,1388268.3612569307,0.0,0.17833154737222945
2024-12-18,live_2024_2026,1388268.3612569307,1388268.3612569307,0.0,0.17833154737222945
2024-12-19,live_2024_2026,1370259.271756024,1370259.271756024,0.0,0.17833154737222945
2024-12-20,live_2024_2026,1357011.4393600386,1357011.4393600386,0.0,0.17833154737222945
2024-12-23,live_2024_2026,1389803.2701955223,1389803.2701955223,0.0,0.17833154737222945
2024-12-24,live_2024_2026,1391937.7318558388,1391937.7318558388,0.0,0.17833154737222945
2024-12-25,live_2024_2026,1397301.5730791052,1397301.5730791052,0.0,0.17833154737222945
2024-12-26,live_2024_2026,1396010.296359739,1396010.296359739,0.0,0.17833154737222945
2024-12-27,live_2024_2026,1399805.5709064815,1399805.5709064815,0.0,0.17833154737222945
2024-12-30,live_2024_2026,1390581.2796362748,1390581.2796362748,0.0,0.17833154737222945
2024-12-31,live_2024_2026,1379039.8533494964,1379039.8533494964,0.0,0.17833154737222945
2025-01-02,live_2024_2026,1365051.138563445,1365051.138563445,0.0,0.17833154737222945
2025-01-03,live_2024_2026,1377092.1570350681,1377092.1570350681,0.0,0.17833154737222945
2025-01-06,live_2024_2026,1418236.9530642598,1418236.9530642598,0.0,0.17833154737222945
2025-01-07,live_2024_2026,1430631.3656292774,1430631.3656292774,0.0,0.17833154737222945
2025-01-08,live_2024_2026,1411608.8643425263,1411608.8643425263,0.0,0.17833154737222945
2025-01-09,live_2024_2026,1393414.445908023,1393414.445908023,0.0,0.17833154737222945
2025-01-10,live_2024_2026,1391328.1317025926,1391328.1317025926,0.0,0.17833154737222945
2025-01-13,live_2024_2026,1359207.803897782,1359207.803897782,0.0,0.17833154737222945
2025-01-14,live_2024_2026,1369134.0324232748,1369134.0324232748,0.0,0.17833154737222945
2025-01-15,live_2024_2026,1358181.3826819903,1358181.3826819903,0.0,0.17833154737222945
2025-01-16,live_2024_2026,1385591.7932387765,1385591.7932387765,0.0,0.17833154737222945
2025-01-17,live_2024_2026,1391268.3859365124,1391268.3859365124,0.0,0.17833154737222945
2025-01-20,live_2024_2026,1404936.607375454,1404936.607375454,0.0,0.17833154737222945
2025-01-21,live_2024_2026,1407529.0539822013,1407529.0539822013,0.0,0.17833154737222945
2025-01-22,live_2024_2026,1425822.5176571643,1425822.5176571643,0.0,0.17833154737222945
2025-02-03,live_2024_2026,1366180.1484342346,1366180.1484342346,0.0,0.17833154737222945
2025-02-04,live_2024_2026,1371942.5787948924,1371942.5787948924,0.0,0.17833154737222945
2025-02-05,live_2024_2026,1395580.4699715637,1395580.4699715637,0.0,0.17833154737222945
2025-02-06,live_2024_2026,1400743.0159116047,1400743.0159116047,0.0,0.17833154737222945
2025-02-07,live_2024_2026,1408740.478867805,1408740.478867805,0.0,0.17833154737222945
2025-02-10,live_2024_2026,1394592.934670202,1394592.934670202,0.0,0.17833154737222945
2025-02-11,live_2024_2026,1401346.1811575107,1401346.1811575107,0.0,0.17833154737222945
2025-02-12,live_2024_2026,1400003.2953040116,1400003.2953040116,0.0,0.17833154737222945
2025-02-13,live_2024_2026,1399424.3265053649,1399424.3265053649,0.0,0.17833154737222945
2025-02-14,live_2024_2026,1383767.984847393,1383767.984847393,0.0,0.17833154737222945
2025-02-17,live_2024_2026,1405263.3550330386,1405263.3550330386,0.0,0.17833154737222945
2025-02-18,live_2024_2026,1410769.8821480356,1410769.8821480356,0.0,0.17833154737222945
2025-02-19,live_2024_2026,1408266.1235964294,1408266.1235964294,0.0,0.17833154737222945
2025-02-20,live_2024_2026,1403240.788258243,1403240.788258243,0.0,0.17833154737222945
2025-02-21,live_2024_2026,1415323.163740985,1415323.163740985,0.0,0.17833154737222945
2025-02-24,live_2024_2026,1404291.8245018197,1404291.8245018197,0.0,0.17833154737222945
2025-02-25,live_2024_2026,1385380.7043340155,1385380.7043340155,0.0,0.48
2025-02-26,live_2024_2026,1388536.404693514,1388536.404693514,0.0,0.48
2025-02-27,live_2024_2026,1381787.875516872,1381787.875516872,0.0,0.48
2025-03-03,live_2024_2026,1369204.6776290303,1369204.6776290303,0.0,0.48
2025-03-04,live_2024_2026,1365627.6553000892,1365627.6553000892,0.0,0.48
2025-03-05,live_2024_2026,1372940.5960722961,1372940.5960722961,0.0,0.48
2025-03-06,live_2024_2026,1370102.7431262883,1370102.7431262883,0.0,0.48
2025-03-07,live_2024_2026,1364339.935994635,1364339.935994635,0.0,0.48
2025-03-10,live_2024_2026,1360890.1531387905,1360890.1531387905,0.0,0.48
2025-03-11,live_2024_2026,1350381.9290817198,1350381.9290817198,0.0,0.48
2025-03-12,live_2024_2026,1353275.215106119,1353275.215106119,0.0,0.48
2025-03-13,live_2024_2026,1347957.4833410354,1347957.4833410354,0.0,0.48
2025-03-14,live_2024_2026,1346693.4852879029,1346693.4852879029,0.0,0.48
2025-03-17,live_2024_2026,1350827.0044482895,1350827.0044482895,0.0,0.48
2025-03-18,live_2024_2026,1353879.1981070307,1353879.1981070307,0.0,0.48
2025-03-19,live_2024_2026,1347138.5606544723,1347138.5606544723,0.0,0.48
2025-03-20,live_2024_2026,1359204.8215961982,1359204.8215961982,0.0,0.48
2025-03-21,live_2024_2026,1355063.394583703,1355063.394583703,0.0,0.48
2025-03-24,live_2024_2026,1354336.1540362635,1354336.1540362635,0.0,0.48
2025-03-25,live_2024_2026,1359463.3472747034,1359463.3472747034,0.0,0.48
2025-03-26,live_2024_2026,1359189.0595890074,1359189.0595890074,0.0,0.48
2025-03-27,live_2024_2026,1349173.3970679727,1349173.3970679727,0.0,0.48
2025-03-28,live_2024_2026,1342937.9725867698,1342937.9725867698,0.0,0.48
2025-03-31,live_2024_2026,1321846.7736100256,1321846.7736100256,0.0,0.48
2025-04-01,live_2024_2026,1333244.9432394456,1333244.9432394456,0.0,0.48
2025-04-02,live_2024_2026,1332386.449147535,1332386.449147535,0.0,0.48
2025-04-07,live_2024_2026,1265661.5566916845,1265661.5566916845,0.0,0.48
2025-04-08,live_2024_2026,1252721.413468758,1252721.413468758,0.0,0.48
2025-04-09,live_2024_2026,1227000.5709937233,1227000.5709937233,0.0,0.48
2025-04-10,live_2024_2026,1283002.6067246622,1283002.6067246622,0.0,0.48
2025-04-11,live_2024_2026,1289860.471916775,1289860.471916775,0.0,0.48
2025-04-14,live_2024_2026,1286777.3842024722,1286777.3842024722,0.0,0.48
2025-04-15,live_2024_2026,1293234.2667147513,1293234.2667147513,0.0,0.48
2025-04-16,live_2024_2026,1284494.487417519,1284494.487417519,0.0,0.48
2025-04-17,live_2024_2026,1277732.3131658712,1277732.3131658712,0.0,0.48
2025-04-18,live_2024_2026,1278795.8258662052,1278795.8258662052,0.0,0.48
2025-04-21,live_2024_2026,1271470.4797673954,1271470.4797673954,0.0,0.48
2025-04-22,live_2024_2026,1262647.7487488836,1262647.7487488836,0.0,0.48
2025-04-23,live_2024_2026,1285088.6833430293,1285088.6833430293,0.0,0.48
2025-04-24,live_2024_2026,1281843.3616707304,1281843.3616707304,0.0,0.48
2025-04-25,live_2024_2026,1293604.256035141,1293604.256035141,0.0,0.48
2025-04-28,live_2024_2026,1298106.2729345453,1298106.2729345453,0.0,0.48
2025-04-29,live_2024_2026,1301484.6510488475,1301484.6510488475,0.0,0.48
2025-04-30,live_2024_2026,1303309.1651289398,1303309.1651289398,0.0,0.48
2025-05-02,live_2024_2026,1318725.4302025696,1318725.4302025696,0.0,0.48
2025-05-05,live_2024_2026,1313670.1991305496,1313670.1991305496,0.0,0.48
2025-05-06,live_2024_2026,1311571.3855446875,1311571.3855446875,0.0,0.48
2025-05-07,live_2024_2026,1310176.1403429625,1310176.1403429625,0.0,0.48
2025-05-08,live_2024_2026,1316924.6319506033,1316924.6319506033,0.0,0.48
2025-05-09,live_2024_2026,1324471.447900563,1324471.447900563,0.0,0.48
2025-05-12,live_2024_2026,1329741.730765125,1329741.730765125,0.0,0.48
2025-05-13,live_2024_2026,1335894.2353697976,1335894.2353697976,0.0,0.48
2025-05-14,live_2024_2026,1348568.2563782707,1348568.2563782707,0.0,0.48
2025-05-15,live_2024_2026,1348508.1184734283,1348508.1184734283,0.0,0.48
2025-05-16,live_2024_2026,1351023.430999568,1351023.430999568,0.0,0.48
2025-05-19,live_2024_2026,1343106.5820643953,1343106.5820643953,0.0,0.48
2025-05-20,live_2024_2026,1343953.2400746546,1343953.2400746546,0.0,0.48
2025-05-21,live_2024_2026,1352740.4191833888,1352740.4191833888,0.0,0.48
2025-05-22,live_2024_2026,1346397.468805915,1346397.468805915,0.0,0.48
2025-05-23,live_2024_2026,1343941.3921729294,1343941.3921729294,0.0,0.48
2025-05-26,live_2024_2026,1343369.03366844,1343369.03366844,0.0,0.48
2025-05-27,live_2024_2026,1338170.768455195,1338170.768455195,0.0,0.48
2025-05-28,live_2024_2026,1339029.2625471056,1339029.2625471056,0.0,0.48
2025-05-29,live_2024_2026,1339244.314339648,1339244.314339648,0.0,0.48
2025-06-02,live_2024_2026,1326677.7873826963,1326677.7873826963,0.0,0.48
2025-06-03,live_2024_2026,1330254.809711637,1330254.809711637,0.0,0.48
2025-06-04,live_2024_2026,1342130.5500426153,1342130.5500426153,0.0,0.48
2025-06-05,live_2024_2026,1343132.0900958246,1343132.0900958246,0.0,0.48
2025-06-06,live_2024_2026,1344610.2988389037,1344610.2988389037,0.0,0.48
2025-06-09,live_2024_2026,1348546.9374881429,1348546.9374881429,0.0,0.07967676275215274
2025-06-10,live_2024_2026,1379799.8598275094,1379799.8598275094,0.0,0.17833154737222945
2025-06-18,live_2024_2026,1390011.0378213048,1390011.0378213048,0.0,0.17833154737222945
2025-06-19,live_2024_2026,1376563.701343412,1376563.701343412,0.0,0.17833154737222945
2025-06-20,live_2024_2026,1373143.8366179727,1373143.8366179727,0.0,0.17833154737222945
2025-06-23,live_2024_2026,1361894.5210013208,1361894.5210013208,0.0,0.17833154737222945
2025-06-24,live_2024_2026,1385611.7761367988,1385611.7761367988,0.0,0.17833154737222945
2025-06-25,live_2024_2026,1402421.2785598456,1402421.2785598456,0.0,0.17833154737222945
2025-06-26,live_2024_2026,1402148.9270984093,1402148.9270984093,0.0,0.17833154737222945
2025-06-27,live_2024_2026,1402841.8602263918,1402841.8602263918,0.0,0.17833154737222945
2025-06-30,live_2024_2026,1404762.5954514379,1404762.5954514379,0.0,0.17833154737222945
2025-07-01,live_2024_2026,1414560.4549876205,1414560.4549876205,0.0,0.17833154737222945
2025-07-02,live_2024_2026,1415770.3556574073,1415770.3556574073,0.0,0.17833154737222945
2025-07-03,live_2024_2026,1434396.7262820688,1434396.7262820688,0.0,0.17833154737222945
2025-07-04,live_2024_2026,1421332.9694918843,1421332.9694918843,0.0,0.17833154737222945
2025-07-07,live_2024_2026,1412917.8497910486,1412917.8497910486,0.0,0.17833154737222945
2025-07-08,live_2024_2026,1407461.5426442432,1407461.5426442432,0.0,0.17833154737222945
2025-07-09,live_2024_2026,1419199.3693369282,1419199.3693369282,0.0,0.17833154737222945
2025-07-10,live_2024_2026,1431686.417873138,1431686.417873138,0.0,0.17833154737222945
2025-07-11,live_2024_2026,1439858.4040782028,1439858.4040782028,0.0,0.17833154737222945
2025-07-14,live_2024_2026,1430886.4064032894,1430886.4064032894,0.0,0.17833154737222945
2025-07-15,live_2024_2026,1447927.0645972774,1447927.0645972774,0.0,0.17833154737222945
2025-07-16,live_2024_2026,1458980.5603164667,1458980.5603164667,0.0,0.17833154737222945
2025-07-17,live_2024_2026,1468082.7732737574,1468082.7732737574,0.0,0.17833154737222945
2025-07-18,live_2024_2026,1485307.91171811,1485307.91171811,0.0,0.17833154737222945
2025-07-21,live_2024_2026,1480537.4813651058,1480537.4813651058,0.0,0.17833154737222945
2025-07-22,live_2024_2026,1468503.7710098096,1468503.7710098096,0.0,0.17833154737222945
2025-07-23,live_2024_2026,1476620.933765234,1476620.933765234,0.0,0.17833154737222945
2025-07-24,live_2024_2026,1484022.1681487397,1484022.1681487397,0.0,0.17833154737222945
2025-07-25,live_2024_2026,1480799.7844367528,1480799.7844367528,0.0,0.17833154737222945
2025-07-28,live_2024_2026,1485727.548257139,1485727.548257139,0.0,0.17833154737222945
2025-07-29,live_2024_2026,1469650.4801910943,1469650.4801910943,0.0,0.17833154737222945
2025-07-30,live_2024_2026,1483883.8324065155,1483883.8324065155,0.0,0.17833154737222945
2025-07-31,live_2024_2026,1497823.215164195,1497823.215164195,0.0,0.17833154737222945
2025-08-01,live_2024_2026,1485871.1382429407,1485871.1382429407,0.0,0.17833154737222945
2025-08-04,live_2024_2026,1479492.4061044103,1479492.4061044103,0.0,0.17833154737222945
2025-08-05,live_2024_2026,1497103.041366483,1497103.041366483,0.0,0.17833154737222945
2025-08-06,live_2024_2026,1486009.9904097503,1486009.9904097503,0.0,0.17833154737222945
2025-08-07,live_2024_2026,1522348.31505674,1522348.31505674,0.0,0.17833154737222945
2025-08-08,live_2024_2026,1521775.5269443814,1521775.5269443814,0.0,0.17833154737222945
2025-08-11,live_2024_2026,1532006.625608638,1532006.625608638,0.0,0.17833154737222945
2025-08-12,live_2024_2026,1533580.8834820234,1533580.8834820234,0.0,0.17833154737222945
2025-08-13,live_2024_2026,1544477.403014279,1544477.403014279,0.0,0.17833154737222945
2025-08-14,live_2024_2026,1540919.921706883,1540919.921706883,0.0,0.17833154737222945
2025-08-15,live_2024_2026,1541174.129427282,1541174.129427282,0.0,0.17833154737222945
2025-08-18,live_2024_2026,1547328.5384190672,1547328.5384190672,0.0,0.17833154737222945
2025-08-19,live_2024_2026,1542682.7368305346,1542682.7368305346,0.0,0.17833154737222945
2025-08-20,live_2024_2026,1502643.8155614703,1502643.8155614703,0.0,0.17833154737222945
2025-08-21,live_2024_2026,1513243.04985719,1513243.04985719,0.0,0.17833154737222945
2025-08-22,live_2024_2026,1506328.8495719763,1506328.8495719763,0.0,0.17833154737222945
2025-08-25,live_2024_2026,1532846.496365098,1532846.496365098,0.0,0.17833154737222945
2025-08-26,live_2024_2026,1533291.9108460182,1533291.9108460182,0.0,0.17833154737222945
2025-08-27,live_2024_2026,1542865.5117919669,1542865.5117919669,0.0,0.17833154737222945
2025-08-28,live_2024_2026,1530394.0457601831,1530394.0457601831,0.0,0.17833154737222945
2025-08-29,live_2024_2026,1530827.2799001634,1530827.2799001634,0.0,0.17833154737222945
2025-09-01,live_2024_2026,1514699.7036232138,1514699.7036232138,0.0,0.17833154737222945
2025-09-02,live_2024_2026,1514699.7036232138,1514699.7036232138,0.0,0.17833154737222945
2025-09-03,live_2024_2026,1515039.3645085932,1515039.3645085932,0.0,0.17833154737222945
2025-09-04,live_2024_2026,1524872.9182529617,1524872.9182529617,0.0,0.17833154737222945
2025-09-05,live_2024_2026,1539875.5064054145,1539875.5064054145,0.0,0.17833154737222945
2025-09-08,live_2024_2026,1552133.7322118562,1552133.7322118562,0.0,0.17833154737222945
2025-09-09,live_2024_2026,1566767.8193133934,1566767.8193133934,0.0,0.17833154737222945
2025-09-10,live_2024_2026,1594241.2089028745,1594241.2089028745,0.0,0.17833154737222945
2025-09-11,live_2024_2026,1601076.450002674,1601076.450002674,0.0,0.17833154737222945
2025-09-12,live_2024_2026,1615939.5206865764,1615939.5206865764,0.0,0.17833154737222945
2025-09-15,live_2024_2026,1613918.462536088,1613918.462536088,0.0,0.17833154737222945
2025-09-16,live_2024_2026,1632453.715371383,1632453.715371383,0.0,0.17833154737222945
2025-09-17,live_2024_2026,1621585.1675998643,1621585.1675998643,0.0,0.17833154737222945
2025-09-18,live_2024_2026,1637916.466450897,1637916.466450897,0.0,0.17833154737222945
2025-09-19,live_2024_2026,1639236.6954255213,1639236.6954255213,0.0,0.17833154737222945
2025-09-22,live_2024_2026,1650619.8877530647,1650619.8877530647,0.0,0.17833154737222945
2025-09-23,live_2024_2026,1675663.8728039945,1675663.8728039945,0.0,0.17833154737222945
2025-09-24,live_2024_2026,1676113.8715527365,1676113.8715527365,0.0,0.17833154737222945
2025-09-25,live_2024_2026,1669903.9934525394,1669903.9934525394,0.0,0.17833154737222945
2025-09-26,live_2024_2026,1641600.2494351314,1641600.2494351314,0.0,0.17833154737222945
2025-09-30,live_2024_2026,1659540.128401354,1659540.128401354,0.0,0.17833154737222945
2025-10-01,live_2024_2026,1665496.4964702723,1665496.4964702723,0.0,0.17833154737222945
2025-10-02,live_2024_2026,1692077.4273058812,1692077.4273058812,0.0,0.17833154737222945
2025-10-03,live_2024_2026,1713048.134284851,1713048.134284851,0.0,0.17833154737222945
2025-10-07,live_2024_2026,1755615.9685903464,1755615.9685903464,0.0,0.17833154737222945
2025-10-08,live_2024_2026,1741523.7193937716,1741523.7193937716,0.0,0.17833154737222945
2025-10-09,live_2024_2026,1754054.3825376052,1754054.3825376052,0.0,0.17833154737222945
2025-10-13,live_2024_2026,1733094.4889933697,1733094.4889933697,0.0,0.17833154737222945
2025-10-14,live_2024_2026,1725254.1149184818,1725254.1149184818,0.0,0.17833154737222945
2025-10-15,live_2024_2026,1754503.4199320956,1754503.4199320956,0.0,0.17833154737222945
2025-10-16,live_2024_2026,1787421.5278014662,1787421.5278014662,0.0,0.17833154737222945
2025-10-17,live_2024_2026,1761367.6327374487,1761367.6327374487,0.0,0.17833154737222945
2025-10-20,live_2024_2026,1789034.3672771468,1789034.3672771468,0.0,0.17833154737222945
2025-10-21,live_2024_2026,1792474.330602155,1792474.330602155,0.0,0.17833154737222945
2025-10-22,live_2024_2026,1783480.336801454,1783480.336801454,0.0,0.17833154737222945
2025-10-23,live_2024_2026,1772694.5121291068,1772694.5121291068,0.0,0.17833154737222945
2025-10-27,live_2024_2026,1812586.9729708545,1812586.9729708545,0.0,0.17833154737222945
2025-10-28,live_2024_2026,1799180.70827268,1799180.70827268,0.0,0.17833154737222945
2025-10-29,live_2024_2026,1826401.1554678928,1826401.1554678928,0.0,0.17833154737222945
2025-10-30,live_2024_2026,1825731.370106524,1825731.370106524,0.0,0.17833154737222945
2025-10-31,live_2024_2026,1834346.6143446127,1834346.6143446127,0.0,0.17833154737222945
2025-11-03,live_2024_2026,1820303.4609276599,1820303.4609276599,0.0,0.17833154737222945
2025-11-04,live_2024_2026,1811711.6753098497,1811711.6753098497,0.0,0.17833154737222945
2025-11-05,live_2024_2026,1790285.0638407262,1790285.0638407262,0.0,0.17833154737222945
2025-11-06,live_2024_2026,1800513.030881107,1800513.030881107,0.0,0.17833154737222945
2025-11-07,live_2024_2026,1777262.0896643877,1777262.0896643877,0.0,0.17833154737222945
2025-11-10,live_2024_2026,1798127.7004725887,1798127.7004725887,0.0,0.17833154737222945
2025-11-11,live_2024_2026,1785316.3928099712,1785316.3928099712,0.0,0.17833154737222945
2025-11-12,live_2024_2026,1797251.1216292002,1797251.1216292002,0.0,0.17833154737222945
2025-11-13,live_2024_2026,1789560.209641223,1789560.209641223,0.0,0.17833154737222945
2025-11-14,live_2024_2026,1753738.9834784954,1753738.9834784954,0.0,0.17833154737222945
2025-11-17,live_2024_2026,1758322.8253523712,1758322.8253523712,0.0,0.17833154737222945
2025-11-18,live_2024_2026,1716275.592149823,1716275.592149823,0.0,0.17833154737222945
2025-11-19,live_2024_2026,1704527.4930496013,1704527.4930496013,0.0,0.17833154737222945
2025-11-20,live_2024_2026,1756989.4373787544,1756989.4373787544,0.0,0.17833154737222945
2025-11-21,live_2024_2026,1697664.1179580172,1697664.1179580172,0.0,0.17833154737222945
2025-11-24,live_2024_2026,1695329.182408863,1695329.182408863,0.0,0.17833154737222945
2025-11-25,live_2024_2026,1715449.9036789823,1715449.9036789823,0.0,0.17833154737222945
2025-11-26,live_2024_2026,1744362.5751516018,1744362.5751516018,0.0,0.17833154737222945
2025-11-27,live_2024_2026,1760276.0664874795,1760276.0664874795,0.0,0.17833154737222945
2025-11-28,live_2024_2026,1772360.1537734761,1772360.1537734761,0.0,0.17833154737222945
2025-12-01,live_2024_2026,1747942.732656429,1747942.732656429,0.0,0.17833154737222945
2025-12-02,live_2024_2026,1754885.4358355624,1754885.4358355624,0.0,0.17833154737222945
2025-12-03,live_2024_2026,1770204.7951872016,1770204.7951872016,0.0,0.17833154737222945
2025-12-04,live_2024_2026,1769547.9789250526,1769547.9789250526,0.0,0.17833154737222945
2025-12-05,live_2024_2026,1783577.1517102222,1783577.1517102222,0.0,0.17833154737222945
2025-12-08,live_2024_2026,1806716.1296605095,1806716.1296605095,0.0,0.17833154737222945
2025-12-09,live_2024_2026,1803052.9922322931,1803052.9922322931,0.0,0.17833154737222945
2025-12-10,live_2024_2026,1815394.533909808,1815394.533909808,0.0,0.17833154737222945
2025-12-11,live_2024_2026,1796302.0410145447,1796302.0410145447,0.0,0.17833154737222945
2025-12-12,live_2024_2026,1804082.565443493,1804082.565443493,0.0,0.17833154737222945
2025-12-15,live_2024_2026,1784093.7864550026,1784093.7864550026,0.0,0.17833154737222945
2025-12-16,live_2024_2026,1767819.469255021,1767819.469255021,0.0,0.17833154737222945
2025-12-17,live_2024_2026,1761511.305365542,1761511.305365542,0.0,0.17833154737222945
2025-12-18,live_2024_2026,1759169.1763641706,1759169.1763641706,0.0,0.17833154737222945
2025-12-19,live_2024_2026,1778722.2492459994,1778722.2492459994,0.0,0.17833154737222945
2025-12-22,live_2024_2026,1804627.898509458,1804627.898509458,0.0,0.17833154737222945
2025-12-23,live_2024_2026,1810019.488494856,1810019.488494856,0.0,0.17833154737222945
2025-12-24,live_2024_2026,1813446.5242858727,1813446.5242858727,0.0,0.17833154737222945
2025-12-26,live_2024_2026,1829746.7863439037,1829746.7863439037,0.0,0.17833154737222945
2025-12-29,live_2024_2026,1850182.0100183499,1850182.0100183499,0.0,0.17833154737222945
2025-12-30,live_2024_2026,1847535.737469495,1847535.737469495,0.0,0.17833154737222945
2025-12-31,live_2024_2026,1856472.0645247407,1856472.0645247407,0.0,0.17833154737222945
2026-01-02,live_2024_2026,1891867.3181701964,1891867.3181701964,0.0,0.17833154737222945
2026-01-05,live_2024_2026,1955851.437104651,1955851.437104651,0.0,0.17833154737222945
2026-01-06,live_2024_2026,1979183.0671800596,1979183.0671800596,0.0,0.17833154737222945
2026-01-07,live_2024_2026,1968290.5734850562,1968290.5734850562,0.0,0.17833154737222945
2026-01-08,live_2024_2026,1971049.161416212,1971049.161416212,0.0,0.17833154737222945
2026-01-09,live_2024_2026,1966448.113256178,1966448.113256178,0.0,0.17833154737222945
2026-01-12,live_2024_2026,1982260.4621707057,1982260.4621707057,0.0,0.17833154737222945
2026-01-13,live_2024_2026,1992418.57398098,1992418.57398098,0.0,0.17833154737222945
2026-01-14,live_2024_2026,1998455.0918360518,1998455.0918360518,0.0,0.17833154737222945
2026-01-15,live_2024_2026,1998137.0325183186,1998137.0325183186,0.0,0.17833154737222945
2026-01-16,live_2024_2026,2034276.6343488884,2034276.6343488884,0.0,0.17833154737222945
2026-01-19,live_2024_2026,2051822.4302913027,2051822.4302913027,0.0,0.17833154737222945
2026-01-20,live_2024_2026,2052105.3322360094,2052105.3322360094,0.0,0.17833154737222945
2026-01-21,live_2024_2026,2027868.2224135457,2027868.2224135457,0.0,0.17833154737222945
2026-01-22,live_2024_2026,2055070.0106966202,2055070.0106966202,0.0,0.17833154737222945
2026-01-23,live_2024_2026,2069420.743897479,2069420.743897479,0.0,0.17833154737222945
2026-01-26,live_2024_2026,2071223.6315152163,2071223.6315152163,0.0,0.17833154737222945
2026-01-27,live_2024_2026,2094943.2596623576,2094943.2596623576,0.0,0.17833154737222945
2026-01-28,live_2024_2026,2127532.386975971,2127532.386975971,0.0,0.17833154737222945
2026-01-29,live_2024_2026,2114282.8502377565,2114282.8502377565,0.0,0.17833154737222945
2026-01-30,live_2024_2026,2078077.7822821082,2078077.7822821082,0.0,0.17833154737222945
2026-02-02,live_2024_2026,2038814.0378118972,2038814.0378118972,0.0,0.17833154737222945
2026-02-03,live_2024_2026,2082932.102804602,2082932.102804602,0.0,0.17833154737222945
2026-02-04,live_2024_2026,2087860.7867309717,2087860.7867309717,0.0,0.17833154737222945
2026-02-05,live_2024_2026,2056932.5384160564,2056932.5384160564,0.0,0.17833154737222945
2026-02-06,live_2024_2026,2049672.87952798,2049672.87952798,0.0,0.17833154737222945
2026-02-09,live_2024_2026,2112008.741779457,2112008.741779457,0.0,0.17833154737222945
2026-02-10,live_2024_2026,2154468.839996583,2154468.839996583,0.0,0.17833154737222945
2026-02-11,live_2024_2026,2201749.8005958376,2201749.8005958376,0.0,0.17833154737222945
2026-02-23,live_2024_2026,2208974.2150442195,2208974.2150442195,0.0,0.17833154737222945
2026-02-24,live_2024_2026,2273095.578205759,2273095.578205759,0.0,0.17833154737222945
2026-02-25,live_2024_2026,2323135.4952197573,2323135.4952197573,0.0,0.17833154737222945
2026-02-26,live_2024_2026,2328957.132737774,2328957.132737774,0.0,0.17833154737222945
2026-03-02,live_2024_2026,2301655.805295847,2301655.805295847,0.0,0.17833154737222945
2026-03-03,live_2024_2026,2245592.3857268887,2245592.3857268887,0.0,0.17833154737222945
2026-03-04,live_2024_2026,2138368.924297857,2138368.924297857,0.0,0.17833154737222945
2026-03-05,live_2024_2026,2197060.816080997,2197060.816080997,0.0,0.17833154737222945
2026-03-06,live_2024_2026,2187662.110267046,2187662.110267046,0.0,0.17833154737222945
2026-03-09,live_2024_2026,2078027.3618932066,2078027.3618932066,0.0,0.17833154737222945
2026-03-10,live_2024_2026,2126204.1385554792,2126204.1385554792,0.0,0.17833154737222945
2026-03-11,live_2024_2026,2216504.7155697206,2216504.7155697206,0.0,0.17833154737222945
2026-03-12,live_2024_2026,2172798.253086915,2172798.253086915,0.0,0.17833154737222945
2026-03-13,live_2024_2026,2156210.173545539,2156210.173545539,0.0,0.17833154737222945
2026-03-16,live_2024_2026,2150814.29497601,2150814.29497601,0.0,0.17833154737222945
2026-03-17,live_2024_2026,2186891.0356331435,2186891.0356331435,0.0,0.17833154737222945
2026-03-18,live_2024_2026,2224668.752332234,2224668.752332234,0.0,0.17833154737222945
2026-03-19,live_2024_2026,2167509.949538078,2167509.949538078,0.0,0.17833154737222945
2026-03-20,live_2024_2026,2162251.294962101,2162251.294962101,0.0,0.17833154737222945
2026-03-23,live_2024_2026,2103150.6493713786,2103150.6493713786,0.0,0.17833154737222945
2026-03-24,live_2024_2026,2107295.013807518,2107295.013807518,0.0,0.17833154737222945
2026-03-31,live_2024_2026,2050187.5078543718,2050187.5078543718,0.0,0.17833154737222945
2026-04-01,live_2024_2026,2146023.5172150102,2146023.5172150102,0.0,0.17833154737222945
2026-04-02,live_2024_2026,2096562.1198403945,2096562.1198403945,0.0,0.17833154737222945
2026-04-07,live_2024_2026,2135855.440762612,2135855.440762612,0.0,0.17833154737222945
2026-04-08,live_2024_2026,2256767.712091549,2256767.712091549,0.0,0.17833154737222945
2026-04-09,live_2024_2026,2253294.388510468,2253294.388510468,0.0,0.17833154737222945
2026-04-10,live_2024_2026,2301396.164445179,2301396.164445179,0.0,0.17833154737222945
2026-04-13,live_2024_2026,2297005.2949612373,2297005.2949612373,0.0,0.17833154737222945
2026-04-14,live_2024_2026,2368275.612596335,2368275.612596335,0.0,0.17833154737222945
2026-04-15,live_2024_2026,2398868.1327786916,2398868.1327786916,0.0,0.17833154737222945
2026-04-16,live_2024_2026,2429902.7154474393,2429902.7154474393,0.0,0.17833154737222945
2026-04-17,live_2024_2026,2407985.6724673053,2407985.6724673053,0.0,0.17833154737222945
2026-04-20,live_2024_2026,2425082.6096624355,2425082.6096624355,0.0,0.17833154737222945
2026-04-21,live_2024_2026,2469783.0225561354,2469783.0225561354,0.0,0.17833154737222945
2026-04-22,live_2024_2026,2480454.4276789543,2480454.4276789543,0.0,0.17833154737222945
2026-04-23,live_2024_2026,2466045.1765432507,2466045.1765432507,0.0,0.17833154737222945
2026-04-24,live_2024_2026,2569751.714144432,2569751.714144432,0.0,0.17833154737222945
2026-04-27,live_2024_2026,2646579.4851406184,2646579.4851406184,0.0,0.17833154737222945
2026-04-28,live_2024_2026,2621584.8189809145,2621584.8189809145,0.0,0.17833154737222945
2026-04-29,live_2024_2026,2590454.132118095,2590454.132118095,0.0,0.17833154737222945
2026-04-30,live_2024_2026,2580690.9956220603,2580690.9956220603,0.0,0.17833154737222945
2026-05-04,live_2024_2026,2706515.423092789,2706515.423092789,0.0,0.17833154737222945
2026-05-05,live_2024_2026,2709557.662469469,2709557.662469469,0.0,0.17833154737222945
2026-05-06,live_2024_2026,2749545.0520542255,2749545.0520542255,0.0,0.17833154737222945
2026-05-07,live_2024_2026,2811783.5335620563,2811783.5335620563,0.0,0.17833154737222945
2026-05-08,live_2024_2026,2787372.7516377755,2787372.7516377755,0.0,0.17833154737222945
2026-05-11,live_2024_2026,2792116.7222493053,2792116.7222493053,0.0,0.17833154737222945
2026-05-12,live_2024_2026,2786428.751557204,2786428.751557204,0.0,0.17833154737222945
2026-05-13,live_2024_2026,2749368.495742285,2749368.495742285,0.0,0.17833154737222945
2026-05-14,live_2024_2026,2762216.9686189983,2762216.9686189983,0.0,0.17833154737222945
2026-05-15,live_2024_2026,2733773.250552339,2733773.250552339,0.0,0.17833154737222945
2026-05-18,live_2024_2026,2715497.6686207736,2715497.6686207736,0.0,0.17833154737222945
2026-05-19,live_2024_2026,2663500.88748768,2663500.88748768,0.0,0.17833154737222945
2026-05-20,live_2024_2026,2642391.304720362,2642391.304720362,0.0,0.17833154737222945
2026-05-21,live_2024_2026,2749816.9226872516,2749816.9226872516,0.0,0.17833154737222945
2026-05-22,live_2024_2026,2797640.6820445503,2797640.6820445503,0.0,0.17833154737222945
2026-05-25,live_2024_2026,2904651.0132523533,2904651.0132523533,0.0,0.17833154737222945
2026-05-26,live_2024_2026,2889193.944640899,2889193.944640899,0.0,0.17833154737222945
2026-05-27,live_2024_2026,2961841.219134881,2961841.219134881,0.0,0.17833154737222945
2026-05-28,live_2024_2026,2896606.8356646784,2896606.8356646784,0.0,0.17833154737222945
2026-05-29,live_2024_2026,3039166.23658205,3039166.23658205,0.0,0.17833154737222945
2026-06-01,live_2024_2026,3066706.0686922283,3066706.0686922283,0.0,0.17833154737222945
2026-06-02,live_2024_2026,3076398.5760417385,3076398.5760417385,0.0,0.17833154737222945
2026-06-03,live_2024_2026,3142741.740427893,3142741.740427893,0.0,0.17833154737222945
2026-06-04,live_2024_2026,3097006.7800583774,3097006.7800583774,0.0,0.17833154737222945
2026-06-05,live_2024_2026,3023176.903154383,3023176.903154383,0.0,0.17833154737222945
2026-06-08,live_2024_2026,2893348.6200371766,2893348.6200371766,0.0,0.17833154737222945
2026-06-09,live_2024_2026,2981377.8247624375,2981377.8247624375,0.0,0.17833154737222945
2026-06-10,live_2024_2026,2877389.5631572464,2877389.5631572464,0.0,0.17833154737222945
2026-06-11,live_2024_2026,2866871.8644622676,2866871.8644622676,0.0,0.17833154737222945
2026-06-12,live_2024_2026,2942491.83749277,2942491.83749277,0.0,0.17833154737222945
2026-06-15,live_2024_2026,3053751.7272162098,3053751.7272162098,0.0,0.17833154737222945
2026-06-16,live_2024_2026,3070775.165897604,3070775.165897604,0.0,0.17833154737222945
2026-06-17,live_2024_2026,3078424.453355037,3078424.453355037,0.0,0.17833154737222945
2026-06-18,live_2024_2026,3121894.192271603,3121894.192271603,0.0,0.17833154737222945
2026-06-22,live_2024_2026,3258537.4526184155,3258537.4526184155,0.0,0.17833154737222945
2026-06-23,live_2024_2026,3212473.1170703066,3212473.1170703066,0.0,0.17833154737222945
2026-06-24,live_2024_2026,3112518.4225068633,3112518.4225068633,0.0,0.17833154737222945
2026-06-25,live_2024_2026,3116542.9397370727,3116542.9397370727,0.0,0.17833154737222945
2026-06-26,live_2024_2026,2974378.443549022,2974378.443549022,0.0,0.17833154737222945
2026-06-29,live_2024_2026,3022672.768257099,3022672.768257099,0.0,0.17833154737222945
2026-06-30,live_2024_2026,3130334.144483715,3130334.144483715,0.0,0.17833154737222945
2026-07-01,live_2024_2026,3180542.676783877,3180542.676783877,0.0,0.17833154737222945
2026-07-02,live_2024_2026,3156715.4021610674,3156715.4021610674,0.0,0.17833154737222945
2026-07-03,live_2024_2026,3149660.985664576,3149660.985664576,0.0,0.17833154737222945
2026-07-06,live_2024_2026,3148556.5028716153,3148556.5028716153,0.0,0.17833154737222945
2026-07-07,live_2024_2026,3075397.791263556,3075397.791263556,0.0,0.17833154737222945
2026-07-08,live_2024_2026,3071589.1536517967,3071589.1536517967,0.0,0.17833154737222945
2026-07-09,live_2024_2026,3058559.3460791674,3058559.3460791674,0.0,0.17833154737222945
2026-07-13,live_2024_2026,3063741.840609386,3063741.840609386,0.0,0.17833154737222945
2026-07-14,live_2024_2026,3011975.622930836,3011975.622930836,0.0,0.17833154737222945
2026-07-15,live_2024_2026,3073201.434128689,3073201.434128689,0.0,0.17833154737222945
2026-07-16,live_2024_2026,3079607.6979190926,3079607.6979190926,0.0,0.17833154737222945
2026-07-17,live_2024_2026,2851893.522338297,2851893.522338297,0.0,0.17833154737222945
2026-07-20,live_2024_2026,2833906.4616057393,2833906.4616057393,0.0,0.17833154737222945
2026-07-21,live_2024_2026,2955194.7008869415,2955194.7008869415,0.0,0.17833154737222945
2026-07-22,live_2024_2026,2988111.8583656736,2988111.8583656736,0.0,0.17833154737222945
2026-07-23,live_2024_2026,2995016.3742068205,2995016.3742068205,0.0,0.17833154737222945
2026-07-24,live_2024_2026,2921982.6607299293,2921982.6607299293,0.0,0.17833154737222945
2026-07-27,live_2024_2026,2919704.7021649135,2919704.7021649135,0.0,0.17833154737222945
2026-07-28,live_2024_2026,2770583.150193354,2770583.150193354,0.0,0.48
2026-07-29,live_2024_2026,2730401.735258477,2730401.735258477,0.0,0.48
2026-07-30,live_2024_2026,2728395.500436897,2728395.500436897,0.0,0.48
2026-07-31,live_2024_2026,2837888.4535849276,2837888.4535849276,0.0,0.07967676275215274
2026-08-03,live_2024_2026,2808424.7803997607,2808424.7803997607,0.0,0.17833154737222945
2026-08-04,live_2024_2026,2781501.133320217,2781501.133320217,0.0,0.17833154737222945
2026-08-05,live_2024_2026,2858689.627434028,2858689.627434028,0.0,0.17833154737222945
2026-08-06,live_2024_2026,2846959.23655792,2846959.23655792,0.0,0.17833154737222945
2026-08-07,live_2024_2026,2838987.550374628,2838987.550374628,0.0,0.17833154737222945
2026-08-10,live_2024_2026,2874216.0011685416,2874216.0011685416,0.0,0.17833154737222945
2026-08-11,live_2024_2026,2880728.318741722,2880728.318741722,0.0,0.17833154737222945
2026-08-12,live_2024_2026,2898887.0672017806,2898887.0672017806,0.0,0.17833154737222945
2026-08-13,live_2024_2026,2932637.465565214,2932637.465565214,0.0,0.17833154737222945
2026-08-14,live_2024_2026,2918007.1664963397,2918007.1664963397,0.0,0.17833154737222945
2026-08-17,live_2024_2026,2921471.865088,2921471.865088,0.0,0.17833154737222945
2026-08-18,live_2024_2026,2882004.105376764,2882004.105376764,0.0,0.17833154737222945
2026-08-19,live_2024_2026,2844281.8033502963,2844281.8033502963,0.0,0.17833154737222945
2026-08-20,live_2024_2026,2860740.127231848,2860740.127231848,0.0,0.17833154737222945
2026-08-21,live_2024_2026,2883783.8208768456,2883783.8208768456,0.0,0.17833154737222945
2026-08-24,live_2024_2026,2859759.9544865764,2859759.9544865764,0.0,0.17833154737222945
2026-08-25,live_2024_2026,2878324.703572827,2878324.703572827,0.0,0.17833154737222945
2026-08-26,live_2024_2026,2915437.1003377573,2915437.1003377573,0.0,0.17833154737222945
2026-08-27,live_2024_2026,2920896.288811247,2920896.288811247,0.0,0.17833154737222945
2026-08-28,live_2024_2026,2938925.7172433757,2938925.7172433757,0.0,0.17833154737222945
2026-08-31,live_2024_2026,2923554.943743048,2923554.943743048,0.0,0.17833154737222945
2026-09-01,live_2024_2026,2979434.2377636447,2979434.2377636447,0.0,0.17833154737222945
2026-09-02,live_2024_2026,2938191.353330298,2938191.353330298,0.0,0.17833154737222945
2026-09-03,live_2024_2026,2923411.582804746,2923411.582804746,0.0,0.17833154737222945
2026-09-04,live_2024_2026,2968337.030995953,2968337.030995953,0.0,0.17833154737222945
2026-09-07,live_2024_2026,3015258.425358688,3015258.425358688,0.0,0.17833154737222945
2026-09-08,live_2024_2026,3007544.9917162578,3007544.9917162578,0.0,0.17833154737222945
2026-09-09,live_2024_2026,3008283.9275340377,3008283.9275340377,0.0,0.17833154737222945
2026-09-10,live_2024_2026,2995223.4506149967,2995223.4506149967,0.0,0.17833154737222945
2025-01-02,active_2025_2026,998420.7860836734,998420.7860836734,0.0,0.17833154737222945
2025-01-03,active_2025_2026,1006406.6983423745,1006406.6983423745,0.0,0.17833154737222945
2025-01-06,active_2025_2026,1033961.0026710663,1033961.0026710663,0.0,0.17833154737222945
2025-01-07,active_2025_2026,1042216.7390387501,1042216.7390387501,0.0,0.17833154737222945
2025-01-08,active_2025_2026,1029543.010106145,1029543.010106145,0.0,0.17833154737222945
2025-01-09,active_2025_2026,1017322.4270690045,1017322.4270690045,0.0,0.17833154737222945
2025-01-10,active_2025_2026,1015856.7742005363,1015856.7742005363,0.0,0.17833154737222945
2025-01-13,active_2025_2026,994486.6251160434,994486.6251160434,0.0,0.17833154737222945
2025-01-14,active_2025_2026,1001258.4275000733,1001258.4275000733,0.0,0.17833154737222945
2025-01-15,active_2025_2026,993941.3262221913,993941.3262221913,0.0,0.17833154737222945
2025-01-16,active_2025_2026,1012266.1907174799,1012266.1907174799,0.0,0.17833154737222945
2025-01-17,active_2025_2026,1016066.5296530044,1016066.5296530044,0.0,0.17833154737222945
2025-01-20,active_2025_2026,1025104.4880874723,1025104.4880874723,0.0,0.17833154737222945
2025-01-21,active_2025_2026,1026914.7597197101,1026914.7597197101,0.0,0.17833154737222945
2025-01-22,active_2025_2026,1039123.7250132893,1039123.7250132893,0.0,0.17833154737222945
2025-02-03,active_2025_2026,999704.6952351748,999704.6952351748,0.0,0.17833154737222945
2025-02-04,active_2025_2026,1003498.4585582757,1003498.4585582757,0.0,0.17833154737222945
2025-02-05,active_2025_2026,1019363.40039526,1019363.40039526,0.0,0.17833154737222945
2025-02-06,active_2025_2026,1022853.0654431056,1022853.0654431056,0.0,0.17833154737222945
2025-02-07,active_2025_2026,1028039.3139165087,1028039.3139165087,0.0,0.17833154737222945
2025-02-10,active_2025_2026,1018595.7973054468,1018595.7973054468,0.0,0.17833154737222945
2025-02-11,active_2025_2026,1022999.66950875,1022999.66950875,0.0,0.17833154737222945
2025-02-12,active_2025_2026,1022220.3655544409,1022220.3655544409,0.0,0.17833154737222945
2025-02-13,active_2025_2026,1021941.2339730307,1021941.2339730307,0.0,0.17833154737222945
2025-02-14,active_2025_2026,1011486.9209806563,1011486.9209806563,0.0,0.17833154737222945
2025-02-17,active_2025_2026,1025919.5520606712,1025919.5520606712,0.0,0.17833154737222945
2025-02-18,active_2025_2026,1029576.0260295135,1029576.0260295135,0.0,0.17833154737222945
2025-02-19,active_2025_2026,1027953.8644219983,1027953.8644219983,0.0,0.17833154737222945
2025-02-20,active_2025_2026,1024597.7489403895,1024597.7489403895,0.0,0.17833154737222945
2025-02-21,active_2025_2026,1032811.5874420828,1032811.5874420828,0.0,0.17833154737222945
2025-02-24,active_2025_2026,1025528.1279260585,1025528.1279260585,0.0,0.17833154737222945
2025-02-25,active_2025_2026,1013111.7382600744,1013111.7382600744,0.0,0.48
2025-02-26,active_2025_2026,1015419.4628202894,1015419.4628202894,0.0,0.48
2025-02-27,active_2025_2026,1010484.3470766834,1010484.3470766834,0.0,0.48
2025-03-03,active_2025_2026,1001282.410421192,1001282.410421192,0.0,0.48
2025-03-04,active_2025_2026,998666.5783267133,998666.5783267133,0.0,0.48
2025-03-05,active_2025_2026,1004014.4412746711,1004014.4412746711,0.0,0.48
2025-03-06,active_2025_2026,1001939.1545884467,1001939.1545884467,0.0,0.48
2025-03-07,active_2025_2026,997724.8851590098,997724.8851590098,0.0,0.48
2025-03-10,active_2025_2026,995202.1017141625,995202.1017141625,0.0,0.48
2025-03-11,active_2025_2026,987517.5677032727,987517.5677032727,0.0,0.48
2025-03-12,active_2025_2026,989633.3919126705,989633.3919126705,0.0,0.48
2025-03-13,active_2025_2026,985744.6005824099,985744.6005824099,0.0,0.48
2025-03-14,active_2025_2026,984820.2544725207,984820.2544725207,0.0,0.48
2025-03-17,active_2025_2026,987843.0458024489,987843.0458024489,0.0,0.48
2025-03-18,active_2025_2026,990075.0771952929,990075.0771952929,0.0,0.48
2025-03-19,active_2025_2026,985145.7325716969,985145.7325716969,0.0,0.48
2025-03-20,active_2025_2026,993969.6396455637,993969.6396455637,0.0,0.48
2025-03-21,active_2025_2026,990941.065401401,990941.065401401,0.0,0.48
2025-03-24,active_2025_2026,990409.2434026934,990409.2434026934,0.0,0.48
2025-03-25,active_2025_2026,994158.6962700107,994158.6962700107,0.0,0.48
2025-03-26,active_2025_2026,993958.1130850641,993958.1130850641,0.0,0.48
2025-03-27,active_2025_2026,986633.7832205236,986633.7832205236,0.0,0.48
2025-03-28,active_2025_2026,982073.8945811207,982073.8945811207,0.0,0.48
2025-03-31,active_2025_2026,966650.162180004,966650.162180004,0.0,0.48
2025-04-01,active_2025_2026,974985.5023577034,974985.5023577034,0.0,0.48
2025-04-02,active_2025_2026,974357.6962687197,974357.6962687197,0.0,0.48
2025-04-07,active_2025_2026,925562.6094238657,925562.6094238657,0.0,0.48
2025-04-08,active_2025_2026,916099.6430689131,916099.6430689131,0.0,0.48
2025-04-09,active_2025_2026,897290.3097586714,897290.3097586714,0.0,0.48
2025-04-10,active_2025_2026,938243.9043828644,938243.9043828644,0.0,0.48
2025-04-11,active_2025_2026,943258.976199441,943258.976199441,0.0,0.48
2025-04-14,active_2025_2026,941004.352366675,941004.352366675,0.0,0.48
2025-04-15,active_2025_2026,945726.1905193876,945726.1905193876,0.0,0.48
2025-04-16,active_2025_2026,939334.8982427388,939334.8982427388,0.0,0.48
2025-04-17,active_2025_2026,934389.8040249023,934389.8040249023,0.0,0.48
2025-04-18,active_2025_2026,935167.5376811645,935167.5376811645,0.0,0.48
2025-04-21,active_2025_2026,929810.6028716174,929810.6028716174,0.0,0.48
2025-04-22,active_2025_2026,923358.649029325,923358.649029325,0.0,0.48
2025-04-23,active_2025_2026,939769.4263584239,939769.4263584239,0.0,0.48
2025-04-24,active_2025_2026,937396.1628429511,937396.1628429511,0.0,0.48
2025-04-25,active_2025_2026,945996.7591236312,945996.7591236312,0.0,0.48
2025-04-28,active_2025_2026,949289.0282828328,949289.0282828328,0.0,0.48
2025-04-29,active_2025_2026,951759.5943252016,951759.5943252016,0.0,0.48
2025-04-30,active_2025_2026,953093.8388584042,953093.8388584042,0.0,0.48
2025-05-02,active_2025_2026,964367.5624329875,964367.5624329875,0.0,0.48
2025-05-05,active_2025_2026,960670.7346060527,960670.7346060527,0.0,0.48
2025-05-06,active_2025_2026,959135.89824403,959135.89824403,0.0,0.48
2025-05-07,active_2025_2026,958115.5727210912,958115.5727210912,0.0,0.48
2025-05-08,active_2025_2026,963050.6609909523,963050.6609909523,0.0,0.48
2025-05-09,active_2025_2026,968569.5539576823,968569.5539576823,0.0,0.48
2025-05-12,active_2025_2026,972423.6464950875,972423.6464950875,0.0,0.48
2025-05-13,active_2025_2026,976922.8968565175,976922.8968565175,0.0,0.48
2025-05-14,active_2025_2026,986191.2513344381,986191.2513344381,0.0,0.48
2025-05-15,active_2025_2026,986147.2732299939,986147.2732299939,0.0,0.48
2025-05-16,active_2025_2026,987986.6901048302,987986.6901048302,0.0,0.48
2025-05-19,active_2025_2026,982197.1966023124,982197.1966023124,0.0,0.48
2025-05-20,active_2025_2026,982816.3471114844,982816.3471114844,0.0,0.48
2025-05-21,active_2025_2026,989242.3022827975,989242.3022827975,0.0,0.48
2025-05-22,active_2025_2026,984603.7812881594,984603.7812881594,0.0,0.48
2025-05-23,active_2025_2026,982807.6828877993,982807.6828877993,0.0,0.48
2025-05-26,active_2025_2026,982389.1242074474,982389.1242074474,0.0,0.48
2025-05-27,active_2025_2026,978587.6972858424,978587.6972858424,0.0,0.48
2025-05-28,active_2025_2026,979215.503374826,979215.503374826,0.0,0.48
2025-05-29,active_2025_2026,979372.7680852965,979372.7680852965,0.0,0.48
2025-06-02,active_2025_2026,970183.0226749405,970183.0226749405,0.0,0.48
2025-06-03,active_2025_2026,972798.8547694192,972798.8547694192,0.0,0.48
2025-06-04,active_2025_2026,981483.4364820151,981483.4364820151,0.0,0.48
2025-06-05,active_2025_2026,982215.8503095427,982215.8503095427,0.0,0.48
2025-06-06,active_2025_2026,983296.8460419986,983296.8460419986,0.0,0.48
2025-06-09,active_2025_2026,986175.6610943204,986175.6610943204,0.0,0.07967676275215274
2025-06-10,active_2025_2026,1009030.5358431094,1009030.5358431094,0.0,0.17833154737222945
2025-06-18,active_2025_2026,1016497.8437496031,1016497.8437496031,0.0,0.17833154737222945
2025-06-19,active_2025_2026,1006663.9732535973,1006663.9732535973,0.0,0.17833154737222945
2025-06-20,active_2025_2026,1004163.0685667013,1004163.0685667013,0.0,0.17833154737222945
2025-06-23,active_2025_2026,995936.5834835983,995936.5834835983,0.0,0.17833154737222945
2025-06-24,active_2025_2026,1013280.718205478,1013280.718205478,0.0,0.17833154737222945
2025-06-25,active_2025_2026,1025573.298985493,1025573.298985493,0.0,0.17833154737222945
2025-06-26,active_2025_2026,1025374.1317373494,1025374.1317373494,0.0,0.17833154737222945
2025-06-27,active_2025_2026,1025880.8651454245,1025880.8651454245,0.0,0.17833154737222945
2025-06-30,active_2025_2026,1027285.4750093383,1027285.4750093383,0.0,0.17833154737222945
2025-07-01,active_2025_2026,1034450.5282505713,1034450.5282505713,0.0,0.17833154737222945
2025-07-02,active_2025_2026,1035335.3136145186,1035335.3136145186,0.0,0.17833154737222945
2025-07-03,active_2025_2026,1048956.5475915708,1048956.5475915708,0.0,0.17833154737222945
2025-07-04,active_2025_2026,1039403.1841669859,1039403.1841669859,0.0,0.17833154737222945
2025-07-07,active_2025_2026,1033249.3114292542,1033249.3114292542,0.0,0.17833154737222945
2025-07-08,active_2025_2026,1029259.1816398847,1029259.1816398847,0.0,0.17833154737222945
2025-07-09,active_2025_2026,1037842.9088181397,1037842.9088181397,0.0,0.17833154737222945
2025-07-10,active_2025_2026,1046974.5326444863,1046974.5326444863,0.0,0.17833154737222945
2025-07-11,active_2025_2026,1052950.604870229,1052950.604870229,0.0,0.17833154737222945
2025-07-14,active_2025_2026,1046389.4941721654,1046389.4941721654,0.0,0.17833154737222945
2025-07-15,active_2025_2026,1058851.1163024567,1058851.1163024567,0.0,0.17833154737222945
2025-07-16,active_2025_2026,1066934.4007215952,1066934.4007215952,0.0,0.17833154737222945
2025-07-17,active_2025_2026,1073590.7362417346,1073590.7362417346,0.0,0.17833154737222945
2025-07-18,active_2025_2026,1086187.2664926143,1086187.2664926143,0.0,0.17833154737222945
2025-07-21,active_2025_2026,1082698.709901591,1082698.709901591,0.0,0.17833154737222945
2025-07-22,active_2025_2026,1073898.6066681386,1073898.6066681386,0.0,0.17833154737222945
2025-07-23,active_2025_2026,1079834.5871846573,1079834.5871846573,0.0,0.17833154737222945
2025-07-24,active_2025_2026,1085247.0181562207,1085247.0181562207,0.0,0.17833154737222945
2025-07-25,active_2025_2026,1082890.5288868244,1082890.5288868244,0.0,0.17833154737222945
2025-07-28,active_2025_2026,1086494.1414925065,1086494.1414925065,0.0,0.17833154737222945
2025-07-29,active_2025_2026,1074737.1808797582,1074737.1808797582,0.0,0.17833154737222945
2025-07-30,active_2025_2026,1085145.8549425064,1085145.8549425064,0.0,0.17833154737222945
2025-07-31,active_2025_2026,1095339.5527843528,1095339.5527843528,0.0,0.17833154737222945
2025-08-01,active_2025_2026,1086599.147069426,1086599.147069426,0.0,0.17833154737222945
2025-08-04,active_2025_2026,1081934.459316417,1081934.459316417,0.0,0.17833154737222945
2025-08-05,active_2025_2026,1094812.8986121337,1094812.8986121337,0.0,0.17833154737222945
2025-08-06,active_2025_2026,1086700.6879380392,1086700.6879380392,0.0,0.17833154737222945
2025-08-07,active_2025_2026,1113274.454364408,1113274.454364408,0.0,0.17833154737222945
2025-08-08,active_2025_2026,1112855.581517146,1112855.581517146,0.0,0.17833154737222945
2025-08-11,active_2025_2026,1120337.4571630452,1120337.4571630452,0.0,0.17833154737222945
2025-08-12,active_2025_2026,1121488.6924340327,1121488.6924340327,0.0,0.17833154737222945
2025-08-13,active_2025_2026,1129457.1821132759,1129457.1821132759,0.0,0.17833154737222945
2025-08-14,active_2025_2026,1126855.6401256556,1126855.6401256556,0.0,0.17833154737222945
2025-08-15,active_2025_2026,1127041.5390808573,1127041.5390808573,0.0,0.17833154737222945
2025-08-18,active_2025_2026,1131542.1820969793,1131542.1820969793,0.0,0.17833154737222945
2025-08-19,active_2025_2026,1128144.7649767285,1128144.7649767285,0.0,0.17833154737222945
2025-08-20,active_2025_2026,1098864.7981069288,1098864.7981069288,0.0,0.17833154737222945
2025-08-21,active_2025_2026,1106615.8867773346,1106615.8867773346,0.0,0.17833154737222945
2025-08-22,active_2025_2026,1101559.617805407,1101559.617805407,0.0,0.17833154737222945
2025-08-25,active_2025_2026,1120951.644237637,1120951.644237637,0.0,0.17833154737222945
2025-08-26,active_2025_2026,1121277.3703269348,1121277.3703269348,0.0,0.17833154737222945
2025-08-27,active_2025_2026,1128278.426040657,1128278.426040657,0.0,0.17833154737222945
2025-08-28,active_2025_2026,1119158.197506663,1119158.197506663,0.0,0.17833154737222945
2025-08-29,active_2025_2026,1119475.016263598,1119475.016263598,0.0,0.17833154737222945
2025-09-01,active_2025_2026,1107681.1196222291,1107681.1196222291,0.0,0.17833154737222945
2025-09-02,active_2025_2026,1107681.1196222291,1107681.1196222291,0.0,0.17833154737222945
2025-09-03,active_2025_2026,1107929.5094178491,1107929.5094178491,0.0,0.17833154737222945
2025-09-04,active_2025_2026,1115120.6653911239,1115120.6653911239,0.0,0.17833154737222945
2025-09-05,active_2025_2026,1126091.872160485,1126091.872160485,0.0,0.17833154737222945
2025-09-08,active_2025_2026,1135056.160760649,1135056.160760649,0.0,0.17833154737222945
2025-09-09,active_2025_2026,1145757.8872787869,1145757.8872787869,0.0,0.17833154737222945
2025-09-10,active_2025_2026,1165848.8365722345,1165848.8365722345,0.0,0.17833154737222945
2025-09-11,active_2025_2026,1170847.363670512,1170847.363670512,0.0,0.17833154737222945
2025-09-12,active_2025_2026,1181716.5430443431,1181716.5430443431,0.0,0.17833154737222945
2025-09-15,active_2025_2026,1180238.568268485,1180238.568268485,0.0,0.17833154737222945
2025-09-16,active_2025_2026,1193793.1689355145,1193793.1689355145,0.0,0.17833154737222945
2025-09-17,active_2025_2026,1185845.1346582081,1185845.1346582081,0.0,0.17833154737222945
2025-09-18,active_2025_2026,1197788.011093006,1197788.011093006,0.0,0.17833154737222945
2025-09-19,active_2025_2026,1198753.4781788392,1198753.4781788392,0.0,0.17833154737222945
2025-09-22,active_2025_2026,1207077.8656413094,1207077.8656413094,0.0,0.17833154737222945
2025-09-23,active_2025_2026,1225392.2215064748,1225392.2215064748,0.0,0.17833154737222945
2025-09-24,active_2025_2026,1225721.3000140118,1225721.3000140118,0.0,0.17833154737222945
2025-09-25,active_2025_2026,1221180.0931264092,1221180.0931264092,0.0,0.17833154737222945
2025-09-26,active_2025_2026,1200481.9159314777,1200481.9159314777,0.0,0.17833154737222945
2025-09-30,active_2025_2026,1213601.127067295,1213601.127067295,0.0,0.17833154737222945
2025-10-01,active_2025_2026,1217956.9452111023,1217956.9452111023,0.0,0.17833154737222945
2025-10-02,active_2025_2026,1237395.2504792414,1237395.2504792414,0.0,0.17833154737222945
2025-10-03,active_2025_2026,1252730.8685757993,1252730.8685757993,0.0,0.17833154737222945
2025-10-07,active_2025_2026,1283860.198205043,1283860.198205043,0.0,0.17833154737222945
2025-10-08,active_2025_2026,1273554.7110311044,1273554.7110311044,0.0,0.17833154737222945
2025-10-09,active_2025_2026,1282718.229679434,1282718.229679434,0.0,0.17833154737222945
2025-10-13,active_2025_2026,1267390.5193136726,1267390.5193136726,0.0,0.17833154737222945
2025-10-14,active_2025_2026,1261656.950928629,1261656.950928629,0.0,0.17833154737222945
2025-10-15,active_2025_2026,1283046.6051605223,1283046.6051605223,0.0,0.17833154737222945
2025-10-16,active_2025_2026,1307119.2094485997,1307119.2094485997,0.0,0.17833154737222945
2025-10-17,active_2025_2026,1288066.3189079873,1288066.3189079873,0.0,0.17833154737222945
2025-10-20,active_2025_2026,1308298.658967154,1308298.658967154,0.0,0.17833154737222945
2025-10-21,active_2025_2026,1310814.2615108066,1310814.2615108066,0.0,0.17833154737222945
2025-10-22,active_2025_2026,1304237.0653185812,1304237.0653185812,0.0,0.17833154737222945
2025-10-23,active_2025_2026,1296349.525418404,1296349.525418404,0.0,0.17833154737222945
2025-10-27,active_2025_2026,1325522.387592981,1325522.387592981,0.0,0.17833154737222945
2025-10-28,active_2025_2026,1315718.5523804277,1315718.5523804277,0.0,0.17833154737222945
2025-10-29,active_2025_2026,1335624.52803599,1335624.52803599,0.0,0.17833154737222945
2025-10-30,active_2025_2026,1335134.722302739,1335134.722302739,0.0,0.17833154737222945
2025-10-31,active_2025_2026,1341434.9436341608,1341434.9436341608,0.0,0.17833154737222945
2025-11-03,active_2025_2026,1331165.3595953523,1331165.3595953523,0.0,0.17833154737222945
2025-11-04,active_2025_2026,1324882.2932621874,1324882.2932621874,0.0,0.17833154737222945
2025-11-05,active_2025_2026,1309213.2778625954,1309213.2778625954,0.0,0.17833154737222945
2025-11-06,active_2025_2026,1316692.8633907684,1316692.8633907684,0.0,0.17833154737222945
2025-11-07,active_2025_2026,1299689.7382580438,1299689.7382580438,0.0,0.17833154737222945
2025-11-10,active_2025_2026,1314948.5008275113,1314948.5008275113,0.0,0.17833154737222945
2025-11-11,active_2025_2026,1305579.7503209868,1305579.7503209868,0.0,0.17833154737222945
2025-11-12,active_2025_2026,1314307.4695839197,1314307.4695839197,0.0,0.17833154737222945
2025-11-13,active_2025_2026,1308683.200970557,1308683.200970557,0.0,0.17833154737222945
2025-11-14,active_2025_2026,1282487.5822566566,1282487.5822566566,0.0,0.17833154737222945
2025-11-17,active_2025_2026,1285839.6890055262,1285839.6890055262,0.0,0.17833154737222945
2025-11-18,active_2025_2026,1255091.0685103834,1255091.0685103834,0.0,0.17833154737222945
2025-11-19,active_2025_2026,1246499.829247816,1246499.829247816,0.0,0.17833154737222945
2025-11-20,active_2025_2026,1284864.5989068262,1284864.5989068262,0.0,0.17833154737222945
2025-11-21,active_2025_2026,1241480.7281100475,1241480.7281100475,0.0,0.17833154737222945
2025-11-24,active_2025_2026,1239773.2186828349,1239773.2186828349,0.0,0.17833154737222945
2025-11-25,active_2025_2026,1254487.2527654856,1254487.2527654856,0.0,0.17833154737222945
2025-11-26,active_2025_2026,1275630.7310611857,1275630.7310611857,0.0,0.17833154737222945
2025-11-27,active_2025_2026,1287268.0700385813,1287268.0700385813,0.0,0.17833154737222945
2025-11-28,active_2025_2026,1296105.0132970684,1296105.0132970684,0.0,0.17833154737222945
2025-12-01,active_2025_2026,1278248.8558709319,1278248.8558709319,0.0,0.17833154737222945
2025-12-02,active_2025_2026,1283325.9686559094,1283325.9686559094,0.0,0.17833154737222945
2025-12-03,active_2025_2026,1294528.8262770795,1294528.8262770795,0.0,0.17833154737222945
2025-12-04,active_2025_2026,1294048.5046853456,1294048.5046853456,0.0,0.17833154737222945
2025-12-05,active_2025_2026,1304307.864861411,1304307.864861411,0.0,0.17833154737222945
2025-12-08,active_2025_2026,1321229.1126450999,1321229.1126450999,0.0,0.17833154737222945
2025-12-09,active_2025_2026,1318550.305645857,1318550.305645857,0.0,0.17833154737222945
2025-12-10,active_2025_2026,1327575.522109895,1327575.522109895,0.0,0.17833154737222945
2025-12-11,active_2025_2026,1313613.4186936095,1313613.4186936095,0.0,0.17833154737222945
2025-12-12,active_2025_2026,1319303.2197743715,1319303.2197743715,0.0,0.17833154737222945
2025-12-15,active_2025_2026,1304685.6734469444,1304685.6734469444,0.0,0.17833154737222945
2025-12-16,active_2025_2026,1292784.4669873128,1292784.4669873128,0.0,0.17833154737222945
2025-12-17,active_2025_2026,1288171.384920191,1288171.384920191,0.0,0.17833154737222945
2025-12-18,active_2025_2026,1286458.6150105298,1286458.6150105298,0.0,0.17833154737222945
2025-12-19,active_2025_2026,1300757.534862426,1300757.534862426,0.0,0.17833154737222945
2025-12-22,active_2025_2026,1319702.015086492,1319702.015086492,0.0,0.17833154737222945
2025-12-23,active_2025_2026,1323644.8180178478,1323644.8180178478,0.0,0.17833154737222945
2025-12-24,active_2025_2026,1326150.9668161203,1326150.9668161203,0.0,0.17833154737222945
2025-12-26,active_2025_2026,1338071.1464288756,1338071.1464288756,0.0,0.17833154737222945
2025-12-29,active_2025_2026,1353015.1722217742,1353015.1722217742,0.0,0.17833154737222945
2025-12-30,active_2025_2026,1351079.9859054838,1351079.9859054838,0.0,0.17833154737222945
2025-12-31,active_2025_2026,1357615.0111214966,1357615.0111214966,0.0,0.17833154737222945
2026-01-02,active_2025_2026,1383499.1214131457,1383499.1214131457,0.0,0.17833154737222945
2026-01-05,active_2025_2026,1430289.9145517624,1430289.9145517624,0.0,0.17833154737222945
2026-01-06,active_2025_2026,1447352.0464467648,1447352.0464467648,0.0,0.17833154737222945
2026-01-07,active_2025_2026,1439386.5008124067,1439386.5008124067,0.0,0.17833154737222945
2026-01-08,active_2025_2026,1441403.8219757043,1441403.8219757043,0.0,0.17833154737222945
2026-01-09,active_2025_2026,1438039.132483027,1438039.132483027,0.0,0.17833154737222945
2026-01-12,active_2025_2026,1449602.507261278,1449602.507261278,0.0,0.17833154737222945
2026-01-13,active_2025_2026,1457031.008525481,1457031.008525481,0.0,0.17833154737222945
2026-01-14,active_2025_2026,1461445.439214502,1461445.439214502,0.0,0.17833154737222945
2026-01-15,active_2025_2026,1461212.846377565,1461212.846377565,0.0,0.17833154737222945
2026-01-16,active_2025_2026,1487641.289271316,1487641.289271316,0.0,0.17833154737222945
2026-01-19,active_2025_2026,1500472.312376204,1500472.312376204,0.0,0.17833154737222945
2026-01-20,active_2025_2026,1500679.1950619975,1500679.1950619975,0.0,0.17833154737222945
2026-01-21,active_2025_2026,1482954.8970507584,1482954.8970507584,0.0,0.17833154737222945
2026-01-22,active_2025_2026,1502847.2276751376,1502847.2276751376,0.0,0.17833154737222945
2026-01-23,active_2025_2026,1513341.7409976819,1513341.7409976819,0.0,0.17833154737222945
2026-01-26,active_2025_2026,1514660.1703670095,1514660.1703670095,0.0,0.17833154737222945
2026-01-27,active_2025_2026,1532006.0404429068,1532006.0404429068,0.0,0.17833154737222945
2026-01-28,active_2025_2026,1555838.0653280416,1555838.0653280416,0.0,0.17833154737222945
2026-01-29,active_2025_2026,1546148.8433300736,1546148.8433300736,0.0,0.17833154737222945
2026-01-30,active_2025_2026,1519672.5258704596,1519672.5258704596,0.0,0.17833154737222945
2026-02-02,active_2025_2026,1490959.4361858899,1490959.4361858899,0.0,0.17833154737222945
2026-02-03,active_2025_2026,1523222.4303026707,1523222.4303026707,0.0,0.17833154737222945
2026-02-04,active_2025_2026,1526826.7157704546,1526826.7157704546,0.0,0.17833154737222945
2026-02-05,active_2025_2026,1504209.2711116406,1504209.2711116406,0.0,0.17833154737222945
2026-02-06,active_2025_2026,1498900.3725451562,1498900.3725451562,0.0,0.17833154737222945
2026-02-09,active_2025_2026,1544485.8160004937,1544485.8160004937,0.0,0.17833154737222945
2026-02-10,active_2025_2026,1575536.3595636259,1575536.3595636259,0.0,0.17833154737222945
2026-02-11,active_2025_2026,1610112.3400356104,1610112.3400356104,0.0,0.17833154737222945
2026-02-23,active_2025_2026,1615395.464780177,1615395.464780177,0.0,0.17833154737222945
2026-02-24,active_2025_2026,1662286.6229210156,1662286.6229210156,0.0,0.17833154737222945
2026-02-25,active_2025_2026,1698880.1940237782,1698880.1940237782,0.0,0.17833154737222945
2026-02-26,active_2025_2026,1703137.485385601,1703137.485385601,0.0,0.17833154737222945
2026-03-02,active_2025_2026,1683172.3630080707,1683172.3630080707,0.0,0.17833154737222945
2026-03-03,active_2025_2026,1642173.879143943,1642173.879143943,0.0,0.17833154737222945
2026-03-04,active_2025_2026,1563762.690760279,1563762.690760279,0.0,0.17833154737222945
2026-03-05,active_2025_2026,1606683.3437765734,1606683.3437765734,0.0,0.17833154737222945
2026-03-06,active_2025_2026,1599810.1867051786,1599810.1867051786,0.0,0.17833154737222945
2026-03-09,active_2025_2026,1519635.6540649817,1519635.6540649817,0.0,0.17833154737222945
2026-03-10,active_2025_2026,1554866.733720841,1554866.733720841,0.0,0.17833154737222945
2026-03-11,active_2025_2026,1620902.426479219,1620902.426479219,0.0,0.17833154737222945
2026-03-12,active_2025_2026,1588940.4321764028,1588940.4321764028,0.0,0.17833154737222945
2026-03-13,active_2025_2026,1576809.7752053733,1576809.7752053733,0.0,0.17833154737222945
2026-03-16,active_2025_2026,1572863.8360855961,1572863.8360855961,0.0,0.17833154737222945
2026-03-17,active_2025_2026,1599246.309382333,1599246.309382333,0.0,0.17833154737222945
2026-03-18,active_2025_2026,1626872.6853761515,1626872.6853761515,0.0,0.17833154737222945
2026-03-19,active_2025_2026,1585073.1613359419,1585073.1613359419,0.0,0.17833154737222945
2026-03-20,active_2025_2026,1581227.5724218544,1581227.5724218544,0.0,0.17833154737222945
2026-03-23,active_2025_2026,1538008.0028122915,1538008.0028122915,0.0,0.17833154737222945
2026-03-24,active_2025_2026,1541038.725157958,1541038.725157958,0.0,0.17833154737222945
2026-03-31,active_2025_2026,1499276.7138617905,1499276.7138617905,0.0,0.17833154737222945
2026-04-01,active_2025_2026,1569360.399687298,1569360.399687298,0.0,0.17833154737222945
2026-04-02,active_2025_2026,1533189.8928264724,1533189.8928264724,0.0,0.17833154737222945
2026-04-07,active_2025_2026,1561924.611403815,1561924.611403815,0.0,0.17833154737222945
2026-04-08,active_2025_2026,1650346.25680411,1650346.25680411,0.0,0.17833154737222945
2026-04-09,active_2025_2026,1647806.2583186682,1647806.2583186682,0.0,0.17833154737222945
2026-04-10,active_2025_2026,1682982.4908720432,1682982.4908720432,0.0,0.17833154737222945
2026-04-13,active_2025_2026,1679771.502440175,1679771.502440175,0.0,0.17833154737222945
2026-04-14,active_2025_2026,1731890.6023812648,1731890.6023812648,0.0,0.17833154737222945
2026-04-15,active_2025_2026,1754262.5332178525,1754262.5332178525,0.0,0.17833154737222945
2026-04-16,active_2025_2026,1776957.7388716848,1776957.7388716848,0.0,0.17833154737222945
2026-04-17,active_2025_2026,1760930.0769866444,1760930.0769866444,0.0,0.17833154737222945
2026-04-20,active_2025_2026,1773432.8552529323,1773432.8552529323,0.0,0.17833154737222945
2026-04-21,active_2025_2026,1806121.7131719184,1806121.7131719184,0.0,0.17833154737222945
2026-04-22,active_2025_2026,1813925.5794736752,1813925.5794736752,0.0,0.17833154737222945
2026-04-23,active_2025_2026,1803388.272710668,1803388.272710668,0.0,0.17833154737222945
2026-04-24,active_2025_2026,1879227.5782888224,1879227.5782888224,0.0,0.17833154737222945
2026-04-27,active_2025_2026,1935410.7749921507,1935410.7749921507,0.0,0.17833154737222945
2026-04-28,active_2025_2026,1917132.4854208655,1917132.4854208655,0.0,0.17833154737222945
2026-04-29,active_2025_2026,1894366.9999610535,1894366.9999610535,0.0,0.17833154737222945
2026-04-30,active_2025_2026,1887227.3392487126,1887227.3392487126,0.0,0.17833154737222945
2026-05-04,active_2025_2026,1979241.1835527797,1979241.1835527797,0.0,0.17833154737222945
2026-05-05,active_2025_2026,1981465.9355025282,1981465.9355025282,0.0,0.17833154737222945
2026-05-06,active_2025_2026,2010708.2178902933,2010708.2178902933,0.0,0.17833154737222945
2026-05-07,active_2025_2026,2056222.4480147683,2056222.4480147683,0.0,0.17833154737222945
2026-05-08,active_2025_2026,2038371.145748014,2038371.145748014,0.0,0.17833154737222945
2026-05-11,active_2025_2026,2041840.3526580469,2041840.3526580469,0.0,0.17833154737222945
2026-05-12,active_2025_2026,2037680.8101893086,2037680.8101893086,0.0,0.17833154737222945
2026-05-13,active_2025_2026,2010579.1044476624,2010579.1044476624,0.0,0.17833154737222945
2026-05-14,active_2025_2026,2019975.0334146186,2019975.0334146186,0.0,0.17833154737222945
2026-05-15,active_2025_2026,1999174.4949323498,1999174.4949323498,0.0,0.17833154737222945
2026-05-18,active_2025_2026,1985809.7883787793,1985809.7883787793,0.0,0.17833154737222945
2026-05-19,active_2025_2026,1947785.186799677,1947785.186799677,0.0,0.17833154737222945
2026-05-20,active_2025_2026,1932348.0105603677,1932348.0105603677,0.0,0.17833154737222945
2026-05-21,active_2025_2026,2010907.0335145798,2010907.0335145798,0.0,0.17833154737222945
2026-05-22,active_2025_2026,2045879.955990713,2045879.955990713,0.0,0.17833154737222945
2026-05-25,active_2025_2026,2124135.2848851923,2124135.2848851923,0.0,0.17833154737222945
2026-05-26,active_2025_2026,2112831.7221891293,2112831.7221891293,0.0,0.17833154737222945
2026-05-27,active_2025_2026,2165957.7736147093,2165957.7736147093,0.0,0.17833154737222945
2026-05-28,active_2025_2026,2118252.677517249,2118252.677517249,0.0,0.17833154737222945
2026-05-29,active_2025_2026,2222504.600484621,2222504.600484621,0.0,0.17833154737222945
2026-06-01,active_2025_2026,2242644.1383699463,2242644.1383699463,0.0,0.17833154737222945
2026-06-02,active_2025_2026,2249732.1488628318,2249732.1488628318,0.0,0.17833154737222945
2026-06-03,active_2025_2026,2298248.082701568,2298248.082701568,0.0,0.17833154737222945
2026-06-04,active_2025_2026,2264802.6730360063,2264802.6730360063,0.0,0.17833154737222945
2026-06-05,active_2025_2026,2210811.79912551,2210811.79912551,0.0,0.17833154737222945
2026-06-08,active_2025_2026,2115869.9848121484,2115869.9848121484,0.0,0.17833154737222945
2026-06-09,active_2025_2026,2180244.6511676563,2180244.6511676563,0.0,0.17833154737222945
2026-06-10,active_2025_2026,2104199.32431714,2104199.32431714,0.0,0.17833154737222945
2026-06-11,active_2025_2026,2096507.8616209794,2096507.8616209794,0.0,0.17833154737222945
2026-06-12,active_2025_2026,2151807.8106418094,2151807.8106418094,0.0,0.17833154737222945
2026-06-15,active_2025_2026,2233170.7890084847,2233170.7890084847,0.0,0.17833154737222945
2026-06-16,active_2025_2026,2245619.8187226397,2245619.8187226397,0.0,0.17833154737222945
2026-06-17,active_2025_2026,2251213.647832723,2251213.647832723,0.0,0.17833154737222945
2026-06-18,active_2025_2026,2283002.5291255694,2283002.5291255694,0.0,0.17833154737222945
2026-06-22,active_2025_2026,2382928.051820093,2382928.051820093,0.0,0.17833154737222945
2026-06-23,active_2025_2026,2349241.774168799,2349241.774168799,0.0,0.17833154737222945
2026-06-24,active_2025_2026,2276146.1449026866,2276146.1449026866,0.0,0.17833154737222945
2026-06-25,active_2025_2026,2279089.2244720785,2279089.2244720785,0.0,0.17833154737222945
2026-06-26,active_2025_2026,2175126.090438693,2175126.090438693,0.0,0.17833154737222945
2026-06-29,active_2025_2026,2210443.1315235235,2210443.1315235235,0.0,0.17833154737222945
2026-06-30,active_2025_2026,2289174.5615710155,2289174.5615710155,0.0,0.17833154737222945
2026-07-01,active_2025_2026,2325891.438942681,2325891.438942681,0.0,0.17833154737222945
2026-07-02,active_2025_2026,2308466.84833333,2308466.84833333,0.0,0.17833154737222945
2026-07-03,active_2025_2026,2303308.0409839763,2303308.0409839763,0.0,0.17833154737222945
2026-07-06,active_2025_2026,2302500.3464067713,2302500.3464067713,0.0,0.17833154737222945
2026-07-07,active_2025_2026,2249000.287358571,2249000.287358571,0.0,0.17833154737222945
2026-07-08,active_2025_2026,2246215.077878475,2246215.077878475,0.0,0.17833154737222945
2026-07-09,active_2025_2026,2236686.5410959115,2236686.5410959115,0.0,0.17833154737222945
2026-07-13,active_2025_2026,2240476.4351124857,2240476.4351124857,0.0,0.17833154737222945
2026-07-14,active_2025_2026,2202620.441730019,2202620.441730019,0.0,0.17833154737222945
2026-07-15,active_2025_2026,2247394.1186081436,2247394.1186081436,0.0,0.17833154737222945
2026-07-16,active_2025_2026,2252078.9399169325,2252078.9399169325,0.0,0.17833154737222945
2026-07-17,active_2025_2026,2085554.3856717339,2085554.3856717339,0.0,0.17833154737222945
2026-07-20,active_2025_2026,2072400.671094981,2072400.671094981,0.0,0.17833154737222945
2026-07-21,active_2025_2026,2161097.2571989093,2161097.2571989093,0.0,0.17833154737222945
2026-07-22,active_2025_2026,2185169.1664780923,2185169.1664780923,0.0,0.17833154737222945
2026-07-23,active_2025_2026,2190218.353336105,2190218.353336105,0.0,0.17833154737222945
2026-07-24,active_2025_2026,2136809.7038719635,2136809.7038719635,0.0,0.17833154737222945
2026-07-27,active_2025_2026,2135143.861007062,2135143.861007062,0.0,0.17833154737222945
2026-07-28,active_2025_2026,2026093.1183070086,2026093.1183070086,0.0,0.48
2026-07-29,active_2025_2026,1996708.9475855082,1996708.9475855082,0.0,0.48
2026-07-30,active_2025_2026,1995241.8129263562,1995241.8129263562,0.0,0.48
2026-07-31,active_2025_2026,2075312.6524753715,2075312.6524753715,0.0,0.07967676275215274
2026-08-03,active_2025_2026,2053766.2334565637,2053766.2334565637,0.0,0.17833154737222945
2026-08-04,active_2025_2026,2034077.3040469615,2034077.3040469615,0.0,0.17833154737222945
2026-08-05,active_2025_2026,2090524.293095299,2090524.293095299,0.0,0.17833154737222945
2026-08-06,active_2025_2026,2081946.0036375457,2081946.0036375457,0.0,0.17833154737222945
2026-08-07,active_2025_2026,2076116.4083351474,2076116.4083351474,0.0,0.17833154737222945
2026-08-10,active_2025_2026,2101878.537768868,2101878.537768868,0.0,0.17833154737222945
2026-08-11,active_2025_2026,2106640.9148945385,2106640.9148945385,0.0,0.17833154737222945
2026-08-12,active_2025_2026,2119920.182578465,2119920.182578465,0.0,0.17833154737222945
2026-08-13,active_2025_2026,2144601.4305891953,2144601.4305891953,0.0,0.17833154737222945
2026-08-14,active_2025_2026,2133902.4742123936,2133902.4742123936,0.0,0.17833154737222945
2026-08-17,active_2025_2026,2136436.165349973,2136436.165349973,0.0,0.17833154737222945
2026-08-18,active_2025_2026,2107573.8818482673,2107573.8818482673,0.0,0.17833154737222945
2026-08-19,active_2025_2026,2079988.0299177123,2079988.0299177123,0.0,0.17833154737222945
2026-08-20,active_2025_2026,2092023.798182943,2092023.798182943,0.0,0.17833154737222945
2026-08-21,active_2025_2026,2108875.365735155,2108875.365735155,0.0,0.17833154737222945
2026-08-24,active_2025_2026,2091307.010002877,2091307.010002877,0.0,0.17833154737222945
2026-08-25,active_2025_2026,2104883.180912645,2104883.180912645,0.0,0.17833154737222945
2026-08-26,active_2025_2026,2132023.0166847846,2132023.0166847846,0.0,0.17833154737222945
2026-08-27,active_2025_2026,2136015.253552647,2136015.253552647,0.0,0.17833154737222945
2026-08-28,active_2025_2026,2149199.9511029785,2149199.9511029785,0.0,0.17833154737222945
2026-08-31,active_2025_2026,2137959.4949521148,2137959.4949521148,0.0,0.17833154737222945
2026-09-01,active_2025_2026,2178823.3300848324,2178823.3300848324,0.0,0.17833154737222945
2026-09-02,active_2025_2026,2148662.919875269,2148662.919875269,0.0,0.17833154737222945
2026-09-03,active_2025_2026,2137854.656874793,2137854.656874793,0.0,0.17833154737222945
2026-09-04,active_2025_2026,2170708.0803176914,2170708.0803176914,0.0,0.17833154737222945
2026-09-07,active_2025_2026,2205021.11445748,2205021.11445748,0.0,0.17833154737222945
2026-09-08,active_2025_2026,2199380.376037355,2199380.376037355,0.0,0.17833154737222945
2026-09-09,active_2025_2026,2199920.750642308,2199920.750642308,0.0,0.17833154737222945
2026-09-10,active_2025_2026,2190369.7857468384,2190369.7857468384,0.0,0.17833154737222945
2026-05-04,trade_record_period_20260501_20260904,998420.7860836734,998420.7860836734,0.0,0.17833154737222945
2026-05-05,trade_record_period_20260501_20260904,999540.6331210686,999540.6331210686,0.0,0.17833154737222945
2026-05-06,trade_record_period_20260501_20260904,1011355.2098957056,1011355.2098957056,0.0,0.17833154737222945
2026-05-07,trade_record_period_20260501_20260904,1029973.9089760205,1029973.9089760205,0.0,0.17833154737222945
2026-05-08,trade_record_period_20260501_20260904,1023812.5658186628,1023812.5658186628,0.0,0.17833154737222945
2026-05-11,trade_record_period_20260501_20260904,1025319.9995865991,1025319.9995865991,0.0,0.17833154737222945
2026-05-12,trade_record_period_20260501_20260904,1023362.8674999482,1023362.8674999482,0.0,0.17833154737222945
2026-05-13,trade_record_period_20260501_20260904,1012897.4612863304,1012897.4612863304,0.0,0.17833154737222945
2026-05-14,trade_record_period_20260501_20260904,1017485.5572985315,1017485.5572985315,0.0,0.17833154737222945
2026-05-15,trade_record_period_20260501_20260904,1009640.632603066,1009640.632603066,0.0,0.17833154737222945
2026-05-18,trade_record_period_20260501_20260904,1003892.3524870217,1003892.3524870217,0.0,0.17833154737222945
2026-05-19,trade_record_period_20260501_20260904,989195.7812231618,989195.7812231618,0.0,0.17833154737222945
2026-05-20,trade_record_period_20260501_20260904,982839.8862683966,982839.8862683966,0.0,0.17833154737222945
2026-05-21,trade_record_period_20260501_20260904,1014491.64829247,1014491.64829247,0.0,0.17833154737222945
2026-05-22,trade_record_period_20260501_20260904,1028133.8200643554,1028133.8200643554,0.0,0.17833154737222945
2026-05-25,trade_record_period_20260501_20260904,1059560.0791272759,1059560.0791272759,0.0,0.17833154737222945
2026-05-26,trade_record_period_20260501_20260904,1054533.9992024738,1054533.9992024738,0.0,0.17833154737222945
2026-05-27,trade_record_period_20260501_20260904,1075817.893379316,1075817.893379316,0.0,0.17833154737222945
2026-05-28,trade_record_period_20260501_20260904,1056706.8174405051,1056706.8174405051,0.0,0.17833154737222945
2026-05-29,trade_record_period_20260501_20260904,1099579.1428573204,1099579.1428573204,0.0,0.17833154737222945
2026-06-01,trade_record_period_20260501_20260904,1107944.6455934308,1107944.6455934308,0.0,0.17833154737222945
2026-06-02,trade_record_period_20260501_20260904,1111927.6596842809,1111927.6596842809,0.0,0.17833154737222945
2026-06-03,trade_record_period_20260501_20260904,1131944.1218228845,1131944.1218228845,0.0,0.17833154737222945
2026-06-04,trade_record_period_20260501_20260904,1119257.4064008002,1119257.4064008002,0.0,0.17833154737222945
2026-06-05,trade_record_period_20260501_20260904,1098095.3968452113,1098095.3968452113,0.0,0.17833154737222945
2026-06-08,trade_record_period_20260501_20260904,1059810.6038458662,1059810.6038458662,0.0,0.17833154737222945
2026-06-09,trade_record_period_20260501_20260904,1087320.1179234635,1087320.1179234635,0.0,0.17833154737222945
2026-06-10,trade_record_period_20260501_20260904,1056785.3103625826,1056785.3103625826,0.0,0.17833154737222945
2026-06-11,trade_record_period_20260501_20260904,1054006.6436487958,1054006.6436487958,0.0,0.17833154737222945
2026-06-12,trade_record_period_20260501_20260904,1075954.7740232295,1075954.7740232295,0.0,0.17833154737222945
2026-06-15,trade_record_period_20260501_20260904,1108492.629047363,1108492.629047363,0.0,0.17833154737222945
2026-06-16,trade_record_period_20260501_20260904,1113907.182944857,1113907.182944857,0.0,0.17833154737222945
2026-06-17,trade_record_period_20260501_20260904,1116249.8475625433,1116249.8475625433,0.0,0.17833154737222945
2026-06-18,trade_record_period_20260501_20260904,1129523.4093171984,1129523.4093171984,0.0,0.17833154737222945
2026-06-22,trade_record_period_20260501_20260904,1167816.4855075367,1167816.4855075367,0.0,0.17833154737222945
2026-06-23,trade_record_period_20260501_20260904,1154947.2268570347,1154947.2268570347,0.0,0.17833154737222945
2026-06-24,trade_record_period_20260501_20260904,1126839.2763596664,1126839.2763596664,0.0,0.17833154737222945
2026-06-25,trade_record_period_20260501_20260904,1128364.6930953395,1128364.6930953395,0.0,0.17833154737222945
2026-06-26,trade_record_period_20260501_20260904,1086641.919223139,1086641.919223139,0.0,0.17833154737222945
2026-06-29,trade_record_period_20260501_20260904,1100636.3728673863,1100636.3728673863,0.0,0.17833154737222945
2026-06-30,trade_record_period_20260501_20260904,1131666.3294030745,1131666.3294030745,0.0,0.17833154737222945
2026-07-01,trade_record_period_20260501_20260904,1145508.5383914802,1145508.5383914802,0.0,0.17833154737222945
2026-07-02,trade_record_period_20260501_20260904,1139114.675125849,1139114.675125849,0.0,0.17833154737222945
2026-07-03,trade_record_period_20260501_20260904,1137532.5140378485,1137532.5140378485,0.0,0.17833154737222945
2026-07-06,trade_record_period_20260501_20260904,1137844.5056334764,1137844.5056334764,0.0,0.17833154737222945
2026-07-07,trade_record_period_20260501_20260904,1116834.020881344,1116834.020881344,0.0,0.17833154737222945
2026-07-08,trade_record_period_20260501_20260904,1115603.7807154632,1115603.7807154632,0.0,0.17833154737222945
2026-07-09,trade_record_period_20260501_20260904,1112214.9341147514,1112214.9341147514,0.0,0.17833154737222945
2026-07-13,trade_record_period_20260501_20260904,1113775.980810309,1113775.980810309,0.0,0.17833154737222945
2026-07-14,trade_record_period_20260501_20260904,1098259.925687604,1098259.925687604,0.0,0.17833154737222945
2026-07-15,trade_record_period_20260501_20260904,1116564.09460265,1116564.09460265,0.0,0.17833154737222945
2026-07-16,trade_record_period_20260501_20260904,1118641.468468423,1118641.468468423,0.0,0.17833154737222945
2026-07-17,trade_record_period_20260501_20260904,1054433.4564544202,1054433.4564544202,0.0,0.17833154737222945
2026-07-20,trade_record_period_20260501_20260904,1048396.4816437245,1048396.4816437245,0.0,0.17833154737222945
2026-07-21,trade_record_period_20260501_20260904,1084195.2303560358,1084195.2303560358,0.0,0.17833154737222945
2026-07-22,trade_record_period_20260501_20260904,1094219.4390773901,1094219.4390773901,0.0,0.17833154737222945
2026-07-23,trade_record_period_20260501_20260904,1095534.4762678563,1095534.4762678563,0.0,0.17833154737222945
2026-07-24,trade_record_period_20260501_20260904,1075508.8703915642,1075508.8703915642,0.0,0.17833154737222945
2026-07-27,trade_record_period_20260501_20260904,1074782.5448722627,1074782.5448722627,0.0,0.17833154737222945
2026-07-28,trade_record_period_20260501_20260904,1031567.0864022658,1031567.0864022658,0.0,0.48
2026-07-29,trade_record_period_20260501_20260904,1016606.4001911341,1016606.4001911341,0.0,0.48
2026-07-30,trade_record_period_20260501_20260904,1015859.4217763583,1015859.4217763583,0.0,0.48
2026-07-31,trade_record_period_20260501_20260904,1056626.7694925282,1056626.7694925282,0.0,0.07967676275215274
2026-08-03,trade_record_period_20260501_20260904,1045656.6040599511,1045656.6040599511,0.0,0.17833154737222945
2026-08-04,trade_record_period_20260501_20260904,1035632.1627537122,1035632.1627537122,0.0,0.17833154737222945
2026-08-05,trade_record_period_20260501_20260904,1064371.6394848854,1064371.6394848854,0.0,0.17833154737222945
2026-08-06,trade_record_period_20260501_20260904,1060004.0805695062,1060004.0805695062,0.0,0.17833154737222945
2026-08-07,trade_record_period_20260501_20260904,1057035.994558719,1057035.994558719,0.0,0.17833154737222945
2026-08-10,trade_record_period_20260501_20260904,1070152.5510285748,1070152.5510285748,0.0,0.17833154737222945
2026-08-11,trade_record_period_20260501_20260904,1072577.2725043492,1072577.2725043492,0.0,0.17833154737222945
2026-08-12,trade_record_period_20260501_20260904,1079338.2921981085,1079338.2921981085,0.0,0.17833154737222945
2026-08-13,trade_record_period_20260501_20260904,1091904.5276140182,1091904.5276140182,0.0,0.17833154737222945
2026-08-14,trade_record_period_20260501_20260904,1086457.2502122845,1086457.2502122845,0.0,0.17833154737222945
2026-08-17,trade_record_period_20260501_20260904,1087747.256264336,1087747.256264336,0.0,0.17833154737222945
2026-08-18,trade_record_period_20260501_20260904,1073052.2842367673,1073052.2842367673,0.0,0.17833154737222945
2026-08-19,trade_record_period_20260501_20260904,1059007.1958621,1059007.1958621,0.0,0.17833154737222945
2026-08-20,trade_record_period_20260501_20260904,1065135.0990121544,1065135.0990121544,0.0,0.17833154737222945
2026-08-21,trade_record_period_20260501_20260904,1073714.92305088,1073714.92305088,0.0,0.17833154737222945
2026-08-24,trade_record_period_20260501_20260904,1064770.1527578104,1064770.1527578104,0.0,0.17833154737222945
2026-08-25,trade_record_period_20260501_20260904,1071682.3380583515,1071682.3380583515,0.0,0.17833154737222945
2026-08-26,trade_record_period_20260501_20260904,1085500.3413178935,1085500.3413178935,0.0,0.17833154737222945
2026-08-27,trade_record_period_20260501_20260904,1087532.9528088449,1087532.9528088449,0.0,0.17833154737222945
2026-08-28,trade_record_period_20260501_20260904,1094245.822969746,1094245.822969746,0.0,0.17833154737222945
2026-08-31,trade_record_period_20260501_20260904,1088522.8458288596,1088522.8458288596,0.0,0.17833154737222945
2026-09-01,trade_record_period_20260501_20260904,1109328.2999149496,1109328.2999149496,0.0,0.17833154737222945
2026-09-02,trade_record_period_20260501_20260904,1093972.3983507738,1093972.3983507738,0.0,0.17833154737222945
2026-09-03,trade_record_period_20260501_20260904,1088469.4684648134,1088469.4684648134,0.0,0.17833154737222945
2026-09-04,trade_record_period_20260501_20260904,1105196.4934929865,1105196.4934929865,0.0,0.17833154737222945
