date,window,fixed_10pct,raw_gate,debounce_2of3,debounce_3of3,fixed_10pct_00713_weight,raw_gate_00713_weight
2025-01-02,ncf_panel_2025_2026,998459.1660560998,998459.1660560998,998459.1660560998,998459.1660560998,0.1,0.1
2025-01-03,ncf_panel_2025_2026,1006445.3852986865,1006445.3852986865,1006445.3852986865,1006445.3852986865,0.1,0.1
2025-01-06,ncf_panel_2025_2026,1033793.5217469027,1033793.5217469027,1033793.5217469027,1033793.5217469027,0.1,0.1
2025-01-07,ncf_panel_2025_2026,1042049.5754706939,1041871.496533889,1042049.5754706939,1042049.5754706939,0.1,0.05
2025-01-08,ncf_panel_2025_2026,1029413.0364808129,1029452.0218198526,1029413.0364808129,1029413.0364808129,0.1,0.1
2025-01-09,ncf_panel_2025_2026,1017342.6950686031,1017235.1195139847,1017033.5331064437,1017342.6950686031,0.1,0.0
2025-01-10,ncf_panel_2025_2026,1015952.3415556613,1016232.0632773115,1016030.675646336,1015952.3415556613,0.1,0.0
2025-01-13,ncf_panel_2025_2026,994675.5652490869,995601.7418873903,995404.4425859422,994370.2706366433,0.1,0.0
2025-01-14,ncf_panel_2025_2026,1001296.9165533611,1001217.3988345573,1001018.9866732715,1000071.6131750768,0.1,0.1
2025-01-15,ncf_panel_2025_2026,994036.0511326268,993945.3195283123,993748.3484815876,992807.8559816851,0.1,0.1
2025-01-16,ncf_panel_2025_2026,1012229.7472204373,1011856.0626937366,1011958.5081537553,1011000.7813926641,0.1,0.0
2025-01-17,ncf_panel_2025_2026,1016011.3936788371,1015325.0198189984,1015738.2522136284,1014776.9482682879,0.1,0.1
2025-01-20,ncf_panel_2025_2026,1025049.6995385594,1024303.0884011537,1024784.5501949261,1023814.6847506746,0.1,0.1
2025-01-21,ncf_panel_2025_2026,1026803.5236273817,1026049.610292876,1026537.0790182194,1025565.5549647064,0.1,0.1
2025-01-22,ncf_panel_2025_2026,1038937.6039829436,1038109.9182371777,1038682.5956053484,1037699.5769241714,0.1,0.1
2025-02-03,ncf_panel_2025_2026,999517.0589105794,998950.5758663394,999221.7063679515,998276.0338322289,0.1,0.1
2025-02-04,ncf_panel_2025_2026,1003348.6451979799,1002749.8642168052,1003044.7447528122,1002095.4540586964,0.1,0.1
2025-02-05,ncf_panel_2025_2026,1019025.8083721949,1018344.0802939776,1018751.2092898178,1017787.0538544225,0.1,0.1
2025-02-06,ncf_panel_2025_2026,1022477.9304356695,1021775.1520223542,1022200.9995314382,1021233.5791830964,0.1,0.1
2025-02-07,ncf_panel_2025_2026,1027702.0554014458,1026656.8342386546,1027442.7068582474,1026470.3257102876,0.1,0.0
2025-02-10,ncf_panel_2025_2026,1018295.8529046616,1017339.1838482991,1018037.2511014863,1017073.7713626317,0.1,0.1
2025-02-11,ncf_panel_2025_2026,1022756.4115272855,1021766.5095485589,1022494.5685318235,1021526.8703471024,0.1,0.1
2025-02-12,ncf_panel_2025_2026,1021901.7219197865,1020921.0721174519,1021640.9829050304,1020674.092561531,0.1,0.1
2025-02-13,ncf_panel_2025_2026,1021490.708217957,1020516.2473008314,1021258.065528968,1020291.5375819657,0.1,0.1
2025-02-14,ncf_panel_2025_2026,1011092.5090488931,1010188.1264232708,1010855.1764537027,1009898.4938957946,0.1,0.1
2025-02-17,ncf_panel_2025_2026,1025374.9849738954,1024376.7768295509,1025153.4962585138,1024183.281640343,0.1,0.1
2025-02-18,ncf_panel_2025_2026,1029012.7609353461,1027823.6231261543,1028798.4001304206,1027824.7359419841,0.1,0.05
2025-02-19,ncf_panel_2025_2026,1027371.6969688161,1026160.6306204452,1026980.0902934972,1026182.4185862546,0.1,0.05
2025-02-20,ncf_panel_2025_2026,1024034.2924778732,1022809.9515668178,1023624.3553143002,1022846.5077186176,0.1,0.1
2025-02-21,ncf_panel_2025_2026,1032078.8967679258,1030606.0730789612,1031426.6844220636,1030900.6083618756,0.1,0.05
2025-02-24,ncf_panel_2025_2026,1024776.3187060442,1023351.491362311,1024166.3263062617,1023603.6952610599,0.1,0.05
2025-02-25,ncf_panel_2025_2026,1012378.560876213,1011091.681350441,1011896.7545246694,1011210.3810337733,0.1,0.1
2025-02-26,ncf_panel_2025_2026,1014666.2254783072,1013376.4380000636,1014183.3303923928,1013495.4059082223,0.1,0.1
2025-02-27,ncf_panel_2025_2026,1009789.8508742607,1008506.2619731901,1009309.2765291714,1008624.6581346293,0.1,0.1
2025-03-03,ncf_panel_2025_2026,1000576.1836709005,999141.6430425283,1000099.9942501383,999421.6225474628,0.1,0.05
2025-03-04,ncf_panel_2025_2026,997962.2446242064,996386.428604883,997487.2992167844,996810.6997152774,0.1,0.1
2025-03-05,ncf_panel_2025_2026,1003269.4576164078,1001794.8753808781,1002791.9864256203,1002111.7887342176,0.1,0.1
2025-03-06,ncf_panel_2025_2026,1001140.5017356665,999613.0047106057,1000664.043747356,999985.2894477203,0.1,0.1
2025-03-07,ncf_panel_2025_2026,997021.2329490837,995426.3197294718,996546.735383427,995870.773870014,0.1,0.1
2025-03-10,ncf_panel_2025_2026,994537.0549822506,992898.1995797106,994063.7396746632,993389.462386864,0.1,0.1
2025-03-11,ncf_panel_2025_2026,987005.2040607914,985239.3854589856,986535.4732755885,985866.3024400687,0.1,0.1
2025-03-12,ncf_panel_2025_2026,989045.93613239,987009.5257173019,988575.2341317623,987904.6797185474,0.1,0.0
2025-03-13,ncf_panel_2025_2026,985215.13013173,983337.9433243184,984423.6185575906,984078.2940706321,0.1,0.0
2025-03-14,ncf_panel_2025_2026,984236.2819047855,982042.075206656,983119.0130144148,982775.6977412993,0.1,0.0
2025-03-17,ncf_panel_2025_2026,987293.6668467142,985389.7070478713,986489.2163530376,986151.4436264902,0.1,0.0
2025-03-18,ncf_panel_2025_2026,989413.740832417,987009.5257173018,988119.9566932588,987784.8658388027,0.1,0.0
2025-03-19,ncf_panel_2025_2026,984524.7446907084,981955.5803447412,983037.2664152368,982695.0174784982,0.1,0.1
2025-03-20,ncf_panel_2025_2026,993231.925295415,990674.0793105225,991765.3693580979,991723.7206159288,0.1,0.0
2025-03-21,ncf_panel_2025_2026,990187.1520697407,987257.8814748642,988345.4083648317,988547.7137455815,0.1,0.1
2025-03-24,ncf_panel_2025_2026,989674.5838211047,986734.3454164558,987821.2955983998,988020.3015818787,0.1,0.1
2025-03-25,ncf_panel_2025_2026,993459.0624449865,990651.86014654,991743.1257183035,991972.8067212803,0.1,0.1
2025-03-26,ncf_panel_2025_2026,993239.7541036245,990419.9372905253,991510.9473846197,991738.2558047643,0.1,0.1
2025-03-27,ncf_panel_2025_2026,985920.7247728809,982865.0804601323,983947.7684024293,984118.3554934058,0.1,0.1
2025-03-28,ncf_panel_2025_2026,981496.22108796,978336.849130228,979414.5489398115,979555.5574077315,0.1,0.1
2025-03-31,ncf_panel_2025_2026,966404.4258861756,962547.9468816454,963913.7350982695,963949.2244210986,0.1,0.0
2025-04-01,ncf_panel_2025_2026,974582.7814213054,970259.1742322812,972320.4747424608,972413.9615764061,0.1,0.1
2025-04-02,ncf_panel_2025_2026,973955.4296684117,969598.7528863321,971672.1956637043,971760.820619978,0.1,0.1
2025-04-07,ncf_panel_2025_2026,927188.2385796966,921161.0042021114,923931.4292012446,923728.6778427849,0.1,0.1
2025-04-08,ncf_panel_2025_2026,917513.2374662166,910888.7099146302,913869.2617620261,913583.7245744241,0.1,0.1
2025-04-09,ncf_panel_2025_2026,899393.0326897604,892082.7440012114,895343.4300479654,894941.5552555188,0.1,0.1
2025-04-10,ncf_panel_2025_2026,938584.8003078154,932649.5961379141,935332.7145067132,935172.7941909219,0.1,0.1
2025-04-11,ncf_panel_2025_2026,944067.971886522,938609.9369752285,941137.6428651885,941037.039681908,0.1,0.1
2025-04-14,ncf_panel_2025_2026,941894.2298446082,936353.2169830566,938914.7150684041,938800.0920463463,0.1,0.1
2025-04-15,ncf_panel_2025_2026,946401.3171360728,941013.6023293736,943509.9470327832,943422.7163740685,0.1,0.1
2025-04-16,ncf_panel_2025_2026,940033.5190411547,934317.6637709531,936935.2844860301,936799.3773172532,0.1,0.1
2025-04-17,ncf_panel_2025_2026,935288.2430149338,929400.5141687163,932089.4754239566,931923.7916563125,0.1,0.1
2025-04-18,ncf_panel_2025_2026,936057.8659956907,930207.6960595415,932882.5500232992,932722.5615322564,0.1,0.1
2025-04-21,ncf_panel_2025_2026,930795.3805616111,924703.931370694,927471.1765525765,927273.6347428242,0.1,0.1
2025-04-22,ncf_panel_2025_2026,924499.0483767268,918135.9034287708,921009.2411718111,920768.2872366717,0.1,0.1
2025-04-23,ncf_panel_2025_2026,940569.6263548133,934922.6681026238,937519.2666027391,937391.1480448964,0.1,0.1
2025-04-24,ncf_panel_2025_2026,938262.2348112774,932519.2330901381,935153.7877584138,935010.0752375866,0.1,0.1
2025-04-25,ncf_panel_2025_2026,946766.0357553654,941435.1733281582,943914.6016171216,943833.5621530783,0.1,0.1
2025-04-28,ncf_panel_2025_2026,949995.5410682241,944810.8343192954,947234.0648851001,947175.9001858138,0.1,0.1
2025-04-29,ncf_panel_2025_2026,952279.4007447525,947141.3339836826,949539.6813935456,949492.6214480229,0.1,0.1
2025-04-30,ncf_panel_2025_2026,953669.2877697527,948627.0625334326,950992.5944835916,950958.324774567,0.1,0.1
2025-05-02,ncf_panel_2025_2026,964765.0299111179,960239.9658769928,962408.485242194,962454.1493552403,0.1,0.1
2025-05-05,ncf_panel_2025_2026,961146.3543821069,956460.6407925247,958691.3129787564,958711.6246804553,0.1,0.1
2025-05-06,ncf_panel_2025_2026,959537.1518177296,954736.5106447916,957006.2145406294,957011.3634185556,0.1,0.1
2025-05-07,ncf_panel_2025_2026,958460.956623394,953581.0095632286,955877.4574763837,955872.2471802899,0.1,0.1
2025-05-08,ncf_panel_2025_2026,963354.7356731476,958717.7038317679,960923.3765175426,960954.7463888936,0.1,0.1
2025-05-09,ncf_panel_2025_2026,968699.8119117856,964276.8064199069,966396.7695044241,966463.5064392136,0.1,0.1
2025-05-12,ncf_panel_2025_2026,972588.8544792223,968385.9032200786,970426.6516329277,970524.873941375,0.1,0.1
2025-05-13,ncf_panel_2025_2026,977084.8487845976,973118.8948740265,975072.6242199795,975205.689779001,0.1,0.1
2025-05-14,ncf_panel_2025_2026,986214.4108451325,982677.0254429101,984467.8543411618,984666.9619875627,0.1,0.1
2025-05-15,ncf_panel_2025_2026,986038.3809915439,982439.0390036837,984247.075166574,984440.1080741403,0.1,0.1
2025-05-16,ncf_panel_2025_2026,987744.3816862159,984182.2900151816,985971.1072698093,986172.6508287126,0.1,0.1
2025-05-19,ncf_panel_2025_2026,982034.5549198495,978201.5828378331,980093.0267257458,980253.0117792538,0.1,0.1
2025-05-20,ncf_panel_2025_2026,982672.126233446,978880.2877267322,980757.4201082268,980923.0191656476,0.1,0.1
2025-05-21,ncf_panel_2025_2026,988999.0851920033,985503.1327070799,987267.6654273224,987478.9327415685,0.1,0.1
2025-05-22,ncf_panel_2025_2026,984439.3979878696,980733.1923989006,982578.0910321719,982756.7132422063,0.1,0.1
2025-05-23,ncf_panel_2025_2026,982682.338596134,978898.56426638,980773.5273975543,980939.8785767737,0.1,0.1
2025-05-26,ncf_panel_2025_2026,982264.0828219143,978458.260975464,980341.3193631542,980504.4291257357,0.1,0.1
2025-05-27,ncf_panel_2025_2026,978540.882455799,974568.9006619938,976516.1350783573,976653.08232716,0.1,0.1
2025-05-28,ncf_panel_2025_2026,979168.2342086928,975229.322007943,977164.4141571139,977306.2232835881,0.1,0.1
2025-05-29,ncf_panel_2025_2026,979438.6012471184,975559.0937236466,977477.1240221797,977625.0661109643,0.1,0.1
2025-06-02,ncf_panel_2025_2026,970444.1979953758,966165.8224254919,968238.222875084,968323.1891148018,0.1,0.1
2025-06-03,ncf_panel_2025_2026,973058.13704207,968917.5500415924,970939.3582258663,971044.5820831441,0.1,0.1
2025-06-04,ncf_panel_2025_2026,981736.433822156,978053.3058813014,979907.1473741699,980079.6266701183,0.1,0.1
2025-06-05,ncf_panel_2025_2026,982468.3176101691,978823.7694595545,980663.4454886827,980841.5967691768,0.1,0.1
2025-06-06,ncf_panel_2025_2026,983473.0540924858,979851.366927922,981679.4824013382,981862.7284756192,0.1,0.1
2025-06-09,ncf_panel_2025_2026,986349.0024181906,982960.435972309,984700.2771373888,984917.3535184555,0.10021387733032887,0.1
2025-06-10,ncf_panel_2025_2026,1009034.7674896966,1005566.0101990526,1007348.1219653542,1007570.1910455277,0.1,0.1
2025-06-11,ncf_panel_2025_2026,1012412.7547198288,1008932.3849276043,1010720.4627428304,1010943.2752528056,0.1,0.1
2025-06-12,ncf_panel_2025_2026,1011170.0113849253,1007693.9137695795,1009479.7967074921,1009702.3357136415,0.1,0.1
2025-06-13,ncf_panel_2025_2026,1006815.162650185,1003354.0356917332,1005132.2272919232,1005353.807879905,0.1,0.1
2025-06-16,ncf_panel_2025_2026,1007931.5257759443,1004466.5610976673,1006246.7243681366,1006468.550646099,0.1,0.1
2025-06-17,ncf_panel_2025_2026,1008978.4047419833,1005509.8412094717,1007291.8534304266,1007513.9101062468,0.1,0.1
2025-06-18,ncf_panel_2025_2026,1016404.6154305132,1012910.5228247747,1014705.6508846218,1014929.3419261051,0.1,0.1
2025-06-19,ncf_panel_2025_2026,1006707.1908930682,1003246.4351089622,1005024.4360142972,1005245.9928397788,0.1,0.1
2025-06-20,ncf_panel_2025_2026,1004323.265851241,1000870.7052826376,1002644.4958069193,1002865.5279765038,0.1,0.1
2025-06-23,ncf_panel_2025_2026,996256.1475472146,992831.3192989763,994590.8620421975,994810.1187947206,0.1,0.1
2025-06-24,ncf_panel_2025_2026,1013544.5634946858,1010060.3028851517,1011850.3796500668,1012073.4412493119,0.1,0.1
2025-06-25,ncf_panel_2025_2026,1025713.6612798657,1022187.5669813221,1023999.1362587324,1024224.876041563,0.1,0.1
2025-06-26,ncf_panel_2025_2026,1025514.4931964594,1021989.0835777342,1023800.3010934448,1024025.9970432238,0.1,0.1
2025-06-27,ncf_panel_2025_2026,1025961.4528699567,1022434.5067386394,1024246.5136543975,1024472.3079713753,0.1,0.1
2025-06-30,ncf_panel_2025_2026,1027445.769264038,1023913.7205005027,1025728.3489490325,1025954.4699354046,0.1,0.1
2025-07-01,ncf_panel_2025_2026,1034511.2271344919,1030954.8894571459,1032781.9965991862,1033009.6725564878,0.1,0.1
2025-07-02,ncf_panel_2025_2026,1035316.3155694794,1031757.2102408409,1033585.7392938194,1033813.592435549,0.1,0.1
2025-07-03,ncf_panel_2025_2026,1048778.206911979,1045172.8236598785,1047025.1284991145,1047255.9443433438,0.1,0.1
2025-07-04,ncf_panel_2025_2026,1039284.5777622818,1035711.8307447182,1037547.3683636783,1037776.094843338,0.1,0.1
2025-07-07,ncf_panel_2025_2026,1033210.3798561455,1029658.5140995162,1031483.3237436749,1031710.713409594,0.1,0.1
2025-07-08,ncf_panel_2025_2026,1029260.0828927645,1025721.7970660182,1027539.6298735746,1027766.1501553641,0.1,0.1
2025-07-09,ncf_panel_2025_2026,1037923.5467087863,1034355.4785056124,1036188.6123328173,1036417.0392758069,0.1,0.1
2025-07-10,ncf_panel_2025_2026,1046975.5081915543,1043376.3220741125,1045225.4430680498,1045455.8621730788,0.1,0.1
2025-07-11,ncf_panel_2025_2026,1052792.2057206598,1049173.0235509395,1051032.4177341082,1051264.1169820142,0.1,0.1
2025-07-14,ncf_panel_2025_2026,1046211.1427269302,1042614.5842674873,1044462.3552735628,1044692.6061565038,0.1,0.1
2025-07-15,ncf_panel_2025_2026,1058692.7418983022,1055053.2754643082,1056923.090908754,1057156.0887508052,0.1,0.1
2025-07-16,ncf_panel_2025_2026,1066736.2091370563,1063069.0916879287,1064953.1131419886,1065187.8811959578,0.1,0.1
2025-07-17,ncf_panel_2025_2026,1073352.7230126727,1069662.8599838244,1071558.5672267291,1071794.7914477182,0.1,0.1
2025-07-18,ncf_panel_2025_2026,1085909.4565308671,1082176.4272382376,1084094.3116184124,1084333.2993341314,0.1,0.1
2025-07-21,ncf_panel_2025_2026,1082440.8100894708,1078719.704957455,1080631.463170489,1080869.6875040636,0.1,0.1
2025-07-22,ncf_panel_2025_2026,1073819.9960093165,1070128.5266367958,1072025.0591562244,1072261.3862149825,0.1,0.1
2025-07-23,ncf_panel_2025_2026,1079596.600140899,1075885.2725451118,1077792.0074426187,1078029.6058204705,0.1,0.1
2025-07-24,ncf_panel_2025_2026,1085068.829670681,1081338.6901997346,1083255.089902605,1083493.8926125744,0.1,0.1
2025-07-25,ncf_panel_2025_2026,1082712.3305187,1078990.2919813162,1080902.5297415047,1081140.813831486,0.1,0.1
2025-07-28,ncf_panel_2025_2026,1086335.8830169674,1082601.387798653,1084520.0253140843,1084759.1068780439,0.1,0.1
2025-07-29,ncf_panel_2025_2026,1074698.4232974208,1071003.9341567436,1072902.0181148897,1073138.5384985425,0.1,0.1
2025-07-30,ncf_panel_2025_2026,1085047.365152098,1081317.2994696943,1083233.6612628985,1083472.4592489416,0.1,0.1
2025-07-31,ncf_panel_2025_2026,1095300.8816037183,1091535.5674233518,1093470.0385155648,1093711.0931027085,0.1,0.1
2025-08-01,ncf_panel_2025_2026,1086560.4392335005,1082825.172058621,1084744.2061751292,1084983.3371595787,0.1,0.1
2025-08-04,ncf_panel_2025_2026,1081816.0312782924,1078097.0739474487,1080007.7287042823,1080245.8155360974,0.1,0.1
2025-08-05,ncf_panel_2025_2026,1094594.8991638832,1090832.01193828,1092765.2361561002,1093006.135370133,0.1,0.1
2025-08-06,ncf_panel_2025_2026,1086482.654469006,1082747.6546946934,1084666.5514312533,1084905.6652967774,0.1,0.1
2025-08-07,ncf_panel_2025_2026,1113076.4571196071,1109250.035870235,1111215.9013834333,1111460.8680317188,0.1,0.1
2025-08-08,ncf_panel_2025_2026,1112657.5825156865,1108832.6012309054,1110797.7269466417,1111042.60140871,0.1,0.1
2025-08-11,ncf_panel_2025_2026,1120219.1901784358,1116368.2143664546,1118346.6950531215,1118593.2336791141,0.1,0.1
2025-08-12,ncf_panel_2025_2026,1121350.5054975979,1117495.640564659,1119476.1193294958,1119722.9069361582,0.1,0.1
2025-08-13,ncf_panel_2025_2026,1129259.2527351868,1125377.199913858,1127371.6467519097,1127620.1749212176,0.1,0.1
2025-08-14,ncf_panel_2025_2026,1126578.000717899,1122705.1652325657,1124694.8765640499,1124942.814641531,0.1,0.1
2025-08-15,ncf_panel_2025_2026,1126823.6747922592,1122949.9947535328,1124940.1399835038,1125188.1321291078,0.1,0.1
2025-08-18,ncf_panel_2025_2026,1131264.5623435234,1127375.6158723936,1129373.6043979703,1129622.573897225,0.1,0.1
2025-08-19,ncf_panel_2025_2026,1127887.0557551177,1124009.720133267,1126001.7434588072,1126249.9696340403,0.1,0.1
2025-08-20,ncf_panel_2025_2026,1098726.5162909813,1094949.4258114435,1096889.9471053737,1097131.7556086048,0.1,0.1
2025-08-21,ncf_panel_2025_2026,1106378.012048309,1102574.6180334045,1104528.6530545703,1104772.1455043606,0.1,0.1
2025-08-22,ncf_panel_2025_2026,1101381.4977312325,1097595.280226022,1099540.4906286097,1099782.8834420205,0.1,0.1
2025-08-25,ncf_panel_2025_2026,1120773.6054892496,1116920.7237645949,1118900.1836346167,1119146.8442767202,0.1,0.1
2025-08-26,ncf_panel_2025_2026,1121119.2577244157,1117265.1877515963,1119245.25809703,1119491.9948105202,0.1,0.1
2025-08-27,ncf_panel_2025_2026,1128120.3427989874,1124242.2052066198,1126234.6405532311,1126482.9180704406,0.1,0.1
2025-08-28,ncf_panel_2025_2026,1118940.3001571074,1115093.720783414,1117069.9427521178,1117316.1999190964,0.1,0.1
2025-08-29,ncf_panel_2025_2026,1119197.3459031687,1115349.8828837038,1117326.5588350287,1117572.8725728155,0.1,0.1
2025-09-01,ncf_panel_2025_2026,1107503.0252202533,1103695.763749273,1105651.78571804,1105895.5257615193,0.1,0.1
2025-09-02,ncf_panel_2025_2026,1107503.0252202533,1103695.763749273,1105651.78571804,1105895.5257615193,0.1,0.1
2025-09-03,ncf_panel_2025_2026,1107691.6401978608,1103883.7303254579,1105840.0854175044,1106083.8669715005,0.1,0.1
2025-09-04,ncf_panel_2025_2026,1114783.2009098255,1110950.9123899129,1112919.7922771333,1113165.1345467905,0.1,0.1
2025-09-05,ncf_panel_2025_2026,1125754.4536899542,1121884.4493109905,1123872.7061308008,1124120.462961474,0.1,0.1
2025-09-08,ncf_panel_2025_2026,1134678.93032463,1130778.2462858676,1132782.2651144126,1133031.9860501701,0.1,0.1
2025-09-09,ncf_panel_2025_2026,1145320.925863693,1141383.6578529973,1143406.4720948208,1143658.5351284293,0.1,0.1
2025-09-10,ncf_panel_2025_2026,1165332.2587745024,1161326.1978349937,1163384.3551918303,1163640.8223336379,0.1,0.1
2025-09-11,ncf_panel_2025_2026,1170470.2833347293,1166446.5594159786,1168513.791320412,1168771.3892422726,0.1,0.1
2025-09-12,ncf_panel_2025_2026,1181279.7324317447,1177218.8488862189,1179305.1719528635,1179565.1488258718,0.1,0.1
2025-09-15,ncf_panel_2025_2026,1179761.9018979003,1175706.2361960998,1177789.878538808,1178049.521366607,0.1,0.1
2025-09-16,ncf_panel_2025_2026,1193336.4841897162,1189234.1531669481,1191341.7703255937,1191604.4006569954,0.1,0.1
2025-09-17,ncf_panel_2025_2026,1185428.266139839,1181353.1211862734,1183446.7712063317,1183707.6610915514,0.1,0.1
2025-09-18,ncf_panel_2025_2026,1197311.4183208281,1193195.422673023,1195310.0601813272,1195573.5653190236,0.1,0.1
2025-09-19,ncf_panel_2025_2026,1198225.0833254282,1194105.9467728217,1196222.197955112,1196485.904172844,0.1,0.1
2025-09-22,ncf_panel_2025_2026,1206488.8207342722,1202341.275944102,1204472.1221672613,1204737.6470741252,0.1,0.1
2025-09-23,ncf_panel_2025_2026,1224803.2534057172,1220592.7491181146,1222755.9414675012,1223025.4970275678,0.1,0.1
2025-09-24,ncf_panel_2025_2026,1225031.1901429626,1220819.9022775837,1222983.497198571,1223253.1029231148,0.1,0.1
2025-09-25,ncf_panel_2025_2026,1220510.1925319722,1216314.4464932275,1218470.056631829,1218738.6673720437,0.1,0.1
2025-09-26,ncf_panel_2025_2026,1199973.7566481552,1195848.6086839181,1197967.9482942824,1198232.0393612674,0.1,0.1
2025-09-30,ncf_panel_2025_2026,1212951.423009793,1208781.6617415766,1210923.9219218434,1211190.869122754,0.1,0.1
2025-10-01,ncf_panel_2025_2026,1217347.71606374,1213162.8416655562,1215312.8663806359,1215580.7811208088,0.1,0.1
2025-10-02,ncf_panel_2025_2026,1236826.5610378918,1232574.7242438674,1234759.1516177463,1235031.3532757994,0.1,0.1
2025-10-03,ncf_panel_2025_2026,1252243.1582775372,1247938.3238705518,1250149.9793442169,1250425.5738978158,0.1,0.1
2025-10-07,ncf_panel_2025_2026,1283251.2454410663,1278839.8145798426,1281106.2351406633,1281388.6539758593,0.1,0.1
2025-10-08,ncf_panel_2025_2026,1272925.4867268277,1268549.5527106836,1270797.7363814649,1271077.8827164322,0.1,0.1
2025-10-09,ncf_panel_2025_2026,1282109.2721262989,1277701.7670250083,1279966.1706839872,1280248.3381928941,0.1,0.1
2025-10-13,ncf_panel_2025_2026,1266902.8704946805,1262547.6404172282,1264785.1872144379,1265064.008087796,0.1,0.1
2025-10-14,ncf_panel_2025_2026,1261149.0481996117,1256813.5980283413,1259040.9826837264,1259318.5372518331,0.1,0.1
2025-10-15,ncf_panel_2025_2026,1282498.3354920724,1278089.492908239,1280354.583713414,1280636.8368476594,0.1,0.1
2025-10-16,ncf_panel_2025_2026,1306490.125906262,1301998.8067808903,1304306.270805868,1304593.8040701952,0.1,0.1
2025-10-17,ncf_panel_2025_2026,1287457.3837835328,1283031.493486905,1285305.3427398505,1285588.6872649263,0.1,0.1
2025-10-20,ncf_panel_2025_2026,1307649.352049752,1303154.0478544238,1305463.5592524125,1305751.3476400434,0.1,0.1
2025-10-21,ncf_panel_2025_2026,1310124.508500454,1305620.6954635473,1307934.5783713951,1308222.9114931957,0.1,0.1
2025-10-22,ncf_panel_2025_2026,1303405.683388435,1298924.9676464312,1301226.9840679362,1301513.838505988,0.1,0.1
2025-10-23,ncf_panel_2025_2026,1295538.338731104,1291084.6685479027,1293372.7900195655,1293657.9130068808,0.1,0.1
2025-10-27,ncf_panel_2025_2026,1324751.781436231,1320197.6842453256,1322537.4011839202,1322828.9534862195,0.1,0.1
2025-10-28,ncf_panel_2025_2026,1315069.2765803856,1310548.464921746,1312871.081056298,1313160.5024261298,0.1,0.1
2025-10-29,ncf_panel_2025_2026,1334975.3357171218,1330386.0930291628,1332743.866348929,1333037.6686582337,0.1,0.1
2025-10-30,ncf_panel_2025_2026,1334546.2144372892,1329958.446938903,1332315.4623639898,1332609.1702319817,0.1,0.1
2025-10-31,ncf_panel_2025_2026,1340846.4621904187,1336237.0363398823,1338605.1789788303,1338900.2734097717,0.1,0.1
2025-11-03,ncf_panel_2025_2026,1330455.4620681847,1325881.757343017,1328231.547865489,1328524.3554378268,0.1,0.1
2025-11-04,ncf_panel_2025_2026,1324273.5125356289,1319721.0594889983,1322059.9317305987,1322351.3787751426,0.1,0.1
2025-11-05,ncf_panel_2025_2026,1308604.431423719,1304105.8439534747,1306417.0421696436,1306705.0407518134,0.1,0.1
2025-11-06,ncf_panel_2025_2026,1316023.363355357,1311499.2718340573,1313823.5730337058,1314113.204379625,0.1,0.1
2025-11-07,ncf_panel_2025_2026,1299121.3100657319,1294655.3227074048,1296949.7722616864,1297235.6837918486,0.1,0.1
2025-11-10,ncf_panel_2025_2026,1314420.59326983,1309902.011588824,1312223.482048125,1312512.7606552783,0.1,0.1
2025-11-11,ncf_panel_2025_2026,1305051.8034728777,1300565.428866355,1302870.352591023,1303157.569308339,0.1,0.1
2025-11-12,ncf_panel_2025_2026,1313698.644508935,1309182.5446700898,1311502.7400560013,1311791.8597761642,0.1,0.1
2025-11-13,ncf_panel_2025_2026,1308175.4954590304,1303678.382541302,1305988.823190086,1306276.7273717278,0.1,0.1
2025-11-14,ncf_panel_2025_2026,1282121.3682231263,1277713.8215391021,1279978.2465616625,1280260.4167326868,0.1,0.1
2025-11-17,ncf_panel_2025_2026,1285574.6321803487,1281155.2142160535,1283425.7382379037,1283708.6684056846,0.1,0.1
2025-11-18,ncf_panel_2025_2026,1255096.9456346284,1250782.3007671714,1252998.9964715515,1253275.2190886762,0.1,0.1
2025-11-19,ncf_panel_2025_2026,1246610.860082989,1242325.387818969,1244527.0957812034,1244801.4507746608,0.1,0.1
2025-11-20,ncf_panel_2025_2026,1284741.1377855341,1280324.5851236563,1282593.6370652413,1282876.3837969906,0.1,0.1
2025-11-21,ncf_panel_2025_2026,1241531.0513886893,1237263.0419753175,1239455.7782081957,1239729.0152337886,0.1,0.1
2025-11-24,ncf_panel_2025_2026,1239669.79677987,1235408.1857986457,1237597.634767452,1237870.4621668237,0.1,0.1
2025-11-25,ncf_panel_2025_2026,1254424.3507560045,1250112.0180669422,1252327.5258645366,1252603.600456508,0.1,0.1
2025-11-26,ncf_panel_2025_2026,1275406.0880647607,1271021.6264891573,1273274.1912863124,1273554.883553764,0.1,0.1
2025-11-27,ncf_panel_2025_2026,1287023.247525122,1282598.8496580517,1284871.9321590883,1285155.1811391516,0.1,0.1
2025-11-28,ncf_panel_2025_2026,1295920.9143513094,1291465.9289884786,1293754.7261479732,1294039.9333327995,0.1,0.1
2025-12-01,ncf_panel_2025_2026,1278145.595326115,1273751.716150552,1276009.1193420636,1276290.4145221969,0.1,0.1
2025-12-02,ncf_panel_2025_2026,1283162.0444391286,1278750.9202240543,1281017.1832420824,1281299.5824458592,0.1,0.1
2025-12-03,ncf_panel_2025_2026,1294344.7207211477,1289895.1538367698,1292181.1671940559,1292466.0274890813,0.1,0.1
2025-12-04,ncf_panel_2025_2026,1293823.9389289108,1289376.1623353106,1291661.2559112478,1291946.0015922505,0.1,0.1
2025-12-05,ncf_panel_2025_2026,1304083.3421304198,1299600.2968019857,1301903.5100738439,1302190.5136515074,0.1,0.1
2025-12-08,ncf_panel_2025_2026,1321004.660878007,1316463.4451577647,1318796.5441007742,1319087.27173415,0.1,0.1
2025-12-09,ncf_panel_2025_2026,1318386.529152004,1313854.3137792277,1316182.7886958853,1316472.9401289923,0.1,0.1
2025-12-10,ncf_panel_2025_2026,1327371.325279623,1322808.2228868185,1325152.5663457827,1325444.6951591305,0.1,0.1
2025-12-11,ncf_panel_2025_2026,1313308.0201590504,1308793.2631689406,1311112.7686517162,1311401.802402998,0.1,0.1
2025-12-12,ncf_panel_2025_2026,1318916.931815915,1314382.8930787048,1316712.3047686617,1317002.5729331593,0.1,0.1
2025-12-15,ncf_panel_2025_2026,1304339.7808286143,1299855.8539412562,1302159.5201235947,1302446.580138467,0.1,0.1
2025-12-16,ncf_panel_2025_2026,1292398.0678151855,1287955.1929365518,1290237.7682031393,1290522.2000774262,0.1,0.1
2025-12-17,ncf_panel_2025_2026,1287643.3650653223,1283216.8354211242,1285491.0131458344,1285774.3986018011,0.1,0.1
2025-12-18,ncf_panel_2025_2026,1285950.8162941004,1281530.1051222475,1283801.2935435385,1284084.3065021834,0.1,0.1
2025-12-19,ncf_panel_2025_2026,1300055.6024983842,1295586.4033243777,1297882.5029838795,1298168.6201337767,0.1,0.1
2025-12-22,ncf_panel_2025_2026,1318979.6219959785,1314445.3677488314,1316774.890159361,1317065.1721207576,0.1,0.1
2025-12-23,ncf_panel_2025_2026,1323045.6762466852,1318497.4441310042,1320834.147823444,1321125.3246449155,0.1,0.1
2025-12-24,ncf_panel_2025_2026,1325531.2953798298,1320974.5184550225,1323315.6121360403,1323607.3359943156,0.1,0.1
2025-12-26,ncf_panel_2025_2026,1337328.291766002,1332730.9603246003,1335092.8893293792,1335387.2094789033,0.1,0.1
2025-12-29,ncf_panel_2025_2026,1352292.9188391312,1347644.1435219247,1350032.5023771354,1350330.1159522939,0.1,0.1
2025-12-30,ncf_panel_2025_2026,1350378.2645824568,1345736.0712692859,1348121.0485483713,1348418.2407450764,0.1,0.1
2025-12-31,ncf_panel_2025_2026,1357036.550422021,1352371.4679297125,1354768.2047734042,1355066.8623303322,0.1,0.1
2026-01-02,ncf_panel_2025_2026,1382900.2306574374,1378146.2366307895,1380588.6527417891,1380893.002395625,0.1,0.1
2026-01-05,ncf_panel_2025_2026,1429670.6798507413,1424755.903121799,1427280.923093942,1427595.5660210785,0.1,0.1
2026-01-06,ncf_panel_2025_2026,1446732.883300478,1441759.4518606006,1444314.6063281116,1444633.0043169644,0.1,0.1
2026-01-07,ncf_panel_2025_2026,1438685.1498269953,1433739.3840682802,1436280.3249913452,1436596.951829364,0.1,0.1
2026-01-08,ncf_panel_2025_2026,1440702.4794504826,1435749.7787207789,1438294.282560578,1438611.353373917,0.1,0.1
2026-01-09,ncf_panel_2025_2026,1437276.1584549942,1432335.2363837827,1434873.6888097378,1435190.0055559461,0.1,0.1
2026-01-12,ncf_panel_2025_2026,1448757.4257270144,1443777.034520706,1446335.7646438791,1446654.6081954509,0.1,0.1
2026-01-13,ncf_panel_2025_2026,1456165.4195363212,1451159.561880924,1453731.3756691578,1454051.8495772087,0.1,0.1
2026-01-14,ncf_panel_2025_2026,1460497.7127380518,1455476.9619648822,1458056.427254272,1458377.854616453,0.1,0.1
2026-01-15,ncf_panel_2025_2026,1460162.4243168996,1455142.8261642272,1457721.6992823065,1458043.0528539764,0.1,0.1
2026-01-16,ncf_panel_2025_2026,1486570.4394372264,1481460.0584910056,1484085.5722561534,1484412.737722335,0.1,0.1
2026-01-19,ncf_panel_2025_2026,1499319.360352115,1494165.1524597907,1496813.1827949341,1497143.1540525828,0.1,0.1
2026-01-20,ncf_panel_2025_2026,1499505.705297172,1494350.8568071127,1496999.2162563063,1497329.2285248814,0.1,0.1
2026-01-21,ncf_panel_2025_2026,1481884.0275629961,1476789.7570877715,1479406.9939233111,1479733.1280006764,0.1,0.1
2026-01-22,ncf_panel_2025_2026,1501755.9030029702,1496593.3190116684,1499245.6526587168,1499576.1601523827,0.1,0.1
2026-01-23,ncf_panel_2025_2026,1512312.076162204,1507113.2032304343,1509784.1807151386,1510117.011418806,0.1,0.1
2026-01-26,ncf_panel_2025_2026,1513445.6620185312,1508242.892160382,1510915.8717333765,1511248.9519174153,0.1,0.1
2026-01-27,ncf_panel_2025_2026,1530791.6048390972,1525529.2048596076,1528232.820055669,1528569.717746984,0.1,0.1
2026-01-28,ncf_panel_2025_2026,1554664.8068870828,1549320.338037101,1552066.1170075336,1552408.268729919,0.1,0.1
2026-01-29,ncf_panel_2025_2026,1544996.0828630577,1539684.852170997,1542413.5546764715,1542753.5784992846,0.1,0.1
2026-01-30,ncf_panel_2025_2026,1518786.6609773461,1513565.530375172,1516247.9429800054,1516582.1986148458,0.1,0.1
2026-02-02,ncf_panel_2025_2026,1490258.3014857422,1485135.2427817476,1487767.2698827696,1488095.24697622,0.1,0.1
2026-02-03,ncf_panel_2025_2026,1522336.580297056,1517103.246142618,1519791.9284550897,1520126.9653586664,0.1,0.1
2026-02-04,ncf_panel_2025_2026,1525899.802096694,1520654.2186600766,1523349.1941744278,1523685.01527436,0.1,0.1
2026-02-05,ncf_panel_2025_2026,1503200.108151994,1498032.5594188406,1500687.443755986,1501018.2690913354,0.1,0.1
2026-02-06,ncf_panel_2025_2026,1497850.108537479,1492700.9514898907,1495346.3868986445,1495676.0348023218,0.1,0.1
2026-02-09,ncf_panel_2025_2026,1543333.0485591164,1538027.5348775615,1540753.3002067402,1541092.9580277957,0.1,0.1
2026-02-10,ncf_panel_2025_2026,1574342.6451245167,1568930.529799855,1571711.0628820271,1572057.5453168696,0.1,0.1
2026-02-11,ncf_panel_2025_2026,1608774.9972078886,1603244.5138386649,1606085.8597904881,1606439.9201215557,0.1,0.1
2026-02-23,ncf_panel_2025_2026,1613647.365673596,1608100.1325706835,1610950.0838802727,1611305.2165256136,0.1,0.1
2026-02-24,ncf_panel_2025_2026,1660436.0258566076,1654727.9474475086,1657660.5347816714,1658025.9647082002,0.1,0.1
2026-02-25,ncf_panel_2025_2026,1696947.5959911349,1691114.0018127311,1694111.0742378335,1694484.5396563562,0.1,0.1
2026-02-26,ncf_panel_2025_2026,1701143.287815016,1695295.2701131892,1698299.7527802456,1698674.141589571,0.1,0.1
2026-03-02,ncf_panel_2025_2026,1681342.3937090987,1675562.4455109246,1678531.9567305082,1678901.9877451546,0.1,0.1
2026-03-03,ncf_panel_2025_2026,1640487.5097320573,1634848.0083066006,1637745.3634699292,1638106.4031130217,0.1,0.1
2026-03-04,ncf_panel_2025_2026,1562651.082945475,1557279.1596863936,1560039.043657953,1560382.9530055814,0.1,0.1
2026-03-05,ncf_panel_2025_2026,1605284.3707433473,1599765.887095429,1602601.0680599848,1602954.3601715288,0.1,0.1
2026-03-06,ncf_panel_2025_2026,1598390.6462391256,1592895.8611374856,1595718.8667162685,1596070.6416520828,0.1,0.1
2026-03-09,ncf_panel_2025_2026,1518626.5558001068,1513405.9755912581,1516088.1054255376,1516422.3258243178,0.1,0.1
2026-03-10,ncf_panel_2025_2026,1553816.704423465,1548475.1510940369,1551219.4321840908,1551561.3972554908,0.1,0.1
2026-03-11,ncf_panel_2025_2026,1619626.7462947492,1614058.957884139,1616919.469706511,1617275.9182981376,0.1,0.1
2026-03-12,ncf_panel_2025_2026,1587726.235342597,1582268.1112701301,1585072.2818466397,1585421.7097514155,0.1,0.1
2026-03-13,ncf_panel_2025_2026,1575616.0661066822,1570199.5731446403,1572982.3552856047,1573329.1179758313,0.1,0.1
2026-03-16,ncf_panel_2025_2026,1571505.7984376906,1566103.4353365842,1568878.9581078899,1569224.8162075216,0.1,0.1
2026-03-17,ncf_panel_2025_2026,1597765.1491594438,1592272.5143281666,1595094.415182175,1595446.0524581533,0.1,0.1
2026-03-18,ncf_panel_2025_2026,1625288.9464032815,1619701.6930559415,1622572.205201158,1622929.8999337608,0.1,0.1
2026-03-19,ncf_panel_2025_2026,1583694.6362828382,1578250.371632348,1581047.4217801539,1581395.9624077776,0.1,0.1
2026-03-20,ncf_panel_2025_2026,1579857.2464965207,1574426.173635082,1577216.4463578572,1577564.142450042,0.1,0.1
2026-03-23,ncf_panel_2025_2026,1536950.2275332792,1531666.6560658894,1534381.1483440108,1534719.401429333,0.1,0.1
2026-03-24,ncf_panel_2025_2026,1539814.1731971195,1534520.7563480623,1537240.3067980427,1537579.1901825375,0.1,0.1
2026-03-25,ncf_panel_2025_2026,1561697.891067882,1556329.2445950734,1559087.4450820638,1559431.1446505545,0.1,0.1
2026-03-26,ncf_panel_2025_2026,1556753.827674853,1551402.1774012758,1554151.6459061485,1554494.2573816958,0.1,0.1
2026-03-27,ncf_panel_2025_2026,1547282.4857648476,1541963.3951089974,1544696.135756313,1545036.6627722823,0.1,0.1
2026-03-30,ncf_panel_2025_2026,1533503.694695763,1528231.9713690842,1530940.3765361165,1531277.8711060714,0.1,0.1
2026-03-31,ncf_panel_2025_2026,1498343.8685941382,1493193.0141483515,1495839.3216138817,1496169.0781846193,0.1,0.1
2026-04-01,ncf_panel_2025_2026,1568073.419485032,1562682.855867848,1565452.3165260188,1565797.4192252802,0.1,0.1
2026-04-02,ncf_panel_2025_2026,1531965.3079494,1526698.8731325073,1529404.5612701464,1529741.7172708663,0.1,0.1
2026-04-07,ncf_panel_2025_2026,1560512.5075758754,1555147.9360941001,1557904.0430101485,1558247.4816986078,0.1,0.1
2026-04-08,ncf_panel_2025_2026,1648726.0358636484,1643058.2128693978,1645970.118546573,1646332.9713302813,0.1,0.1
2026-04-09,ncf_panel_2025_2026,1646144.32818505,1640485.3803233725,1643392.7263047083,1643755.0109043778,0.1,0.1
2026-04-10,ncf_panel_2025_2026,1681279.011309275,1675499.2810006805,1678468.680277124,1678838.6973425273,0.1,0.1
2026-04-13,ncf_panel_2025_2026,1678068.0094112454,1672299.3175590085,1675263.045708501,1675632.356094352,0.1,0.1
2026-04-14,ncf_panel_2025_2026,1730041.3870112668,1724094.0263576384,1727149.5475461222,1727530.296269411,0.1,0.1
2026-04-15,ncf_panel_2025_2026,1752246.6206880591,1746222.9251362802,1749317.6642085118,1749703.2998752207,0.1,0.1
2026-04-16,ncf_panel_2025_2026,1774795.980603644,1768694.767151465,1771829.3318877101,1772219.9302333833,0.1,0.1
2026-04-17,ncf_panel_2025_2026,1758601.4605195737,1752555.918944539,1755661.8816487023,1756048.9158930236,0.1,0.1
2026-04-20,ncf_panel_2025_2026,1771020.89572838,1764932.659879754,1768060.5572310966,1768450.3247534395,0.1,0.1
2026-04-21,ncf_panel_2025_2026,1803793.2862283813,1797592.388782612,1800778.167254211,1801175.147347268,0.1,0.1
2026-04-22,ncf_panel_2025_2026,1811555.488307455,1805327.906751365,1808527.3944747192,1808926.0828786604,0.1,0.1
2026-04-23,ncf_panel_2025_2026,1801330.8692528117,1795138.4368541467,1798319.8663157735,1798716.3044783736,0.1,0.1
2026-04-24,ncf_panel_2025_2026,1877128.7943429407,1870675.7915320923,1873991.0918755922,1874404.2116987712,0.1,0.1
2026-04-27,ncf_panel_2025_2026,1933458.1691733901,1926811.5229560747,1930226.3097047096,1930651.826536256,0.1,0.1
2026-04-28,ncf_panel_2025_2026,1915221.499897418,1908637.5458504285,1912020.1238150431,1912441.6271076093,0.1,0.1
2026-04-29,ncf_panel_2025_2026,1892455.9189642922,1885950.2261203667,1889292.596541144,1889709.0895686725,0.1,0.1
2026-04-30,ncf_panel_2025_2026,1885378.775325969,1878897.4115680011,1882227.2826563905,1882642.2181411777,0.1,0.1
2026-05-04,ncf_panel_2025_2026,1977309.6100240406,1970512.2157749853,1974004.4509636809,1974439.618651122,0.1,0.1
2026-05-05,ncf_panel_2025_2026,1979409.2788622435,1972604.666584806,1976100.610114049,1976536.2398980826,0.1,0.1
2026-05-06,ncf_panel_2025_2026,2008484.8929029186,2001580.3274311682,2005127.6230005627,2005569.6517661512,0.1,0.1
2026-05-07,ncf_panel_2025_2026,2053769.977495676,2046709.7355572665,2050337.0116037377,2050789.0067425426,0.1,0.1
2026-05-08,ncf_panel_2025_2026,2035730.960906785,2028732.731668359,2032328.1480160847,2032776.1731154516,0.1,0.1
2026-05-11,ncf_panel_2025_2026,2039012.5429080904,2032003.0325801927,2035604.2447102694,2036052.9920225071,0.1,0.1
2026-05-12,ncf_panel_2025_2026,2035019.7739777986,2028023.9895855999,2031618.1498669991,2032066.0184478473,0.1,0.1
2026-05-13,ncf_panel_2025_2026,2007772.0120702481,2000869.8972678555,2004415.9337792266,2004857.8056535008,0.1,0.1
2026-05-14,ncf_panel_2025_2026,2017001.1910496193,2010067.3491126394,2013629.6857843045,2014073.5888227692,0.1,0.1
2026-05-15,ncf_panel_2025_2026,1996263.1107600902,1989400.5600902853,1992926.2700984448,1993365.6090856371,0.1,0.1
2026-05-18,ncf_panel_2025_2026,1983085.9876157525,1976268.7359222064,1979771.173088876,1980207.612045554,0.1,0.1
2026-05-19,ncf_panel_2025_2026,1944915.2856532203,1938229.2533239494,1941664.2751157605,1942092.3134375468,0.1,0.1
2026-05-20,ncf_panel_2025_2026,1929603.1371155279,1922969.7433360738,1926377.7215006927,1926802.3899140765,0.1,0.1
2026-05-21,ncf_panel_2025_2026,2007891.4545794572,2000988.9291697314,2004535.1766350837,2004977.074796349,0.1,0.1
2026-05-22,ncf_panel_2025_2026,2042843.6752489733,2035820.9946432349,2039428.973146724,2039878.5636172579,0.1,0.1
2026-05-25,ncf_panel_2025_2026,2120953.3914118367,2113662.1931532486,2117408.1255198964,2117874.9064316116,0.1,0.1
2026-05-26,ncf_panel_2025_2026,2109691.4782615188,2102438.9950646963,2106165.0371474973,2106629.3395294584,0.1,0.1
2026-05-27,ncf_panel_2025_2026,2162776.0555354427,2155341.083567794,2159160.8812404093,2159636.866513413,0.1,0.1
2026-05-28,ncf_panel_2025_2026,2115195.8518152176,2107924.446241773,2111660.2099012653,2112125.7236896236,0.1,0.1
2026-05-29,ncf_panel_2025_2026,2219114.631617029,2211485.9846117864,2215405.2849403718,2215893.6692467607,0.1,0.1
2026-06-01,ncf_panel_2025_2026,2238670.4871144695,2230974.6129744267,2234928.4519743295,2235421.1401471286,0.1,0.1
2026-06-02,ncf_panel_2025_2026,2245362.399942105,2237643.5210234793,2241609.17897846,2242103.3399121333,0.1,0.1
2026-06-03,ncf_panel_2025_2026,2293482.4114455995,2285598.110436371,2289648.7557886727,2290153.507008267,0.1,0.1
2026-06-04,ncf_panel_2025_2026,2259890.919010069,2252122.0954234665,2256113.4129945603,2256610.7713749115,0.1,0.1
2026-06-05,ncf_panel_2025_2026,2206129.155082158,2198545.1482299147,2202441.5141946217,2202927.0406482164,0.1,0.1
2026-06-08,ncf_panel_2025_2026,2112020.894336106,2104760.4033091743,2108490.5595017453,2108955.3745432324,0.1,0.1
2026-06-09,ncf_panel_2025_2026,2175624.4259487223,2168145.2851575804,2171987.7750434163,2172466.587994803,0.1,0.1
2026-06-10,ncf_panel_2025_2026,2099808.1165893874,2092589.6094100028,2096298.1959444976,2096760.323189282,0.1,0.1
2026-06-11,ncf_panel_2025_2026,2092012.3776704818,2084820.6698909618,2088515.487942445,2088975.8994955341,0.1,0.1
2026-06-12,ncf_panel_2025_2026,2147062.3737235237,2139681.42065602,2143473.465531456,2143945.9925263324,0.1,0.1
2026-06-15,ncf_panel_2025_2026,2228112.961408734,2220453.3808588064,2224388.573632247,2224878.9382973746,0.1,0.1
2026-06-16,ncf_panel_2025_2026,2240478.647839999,2232776.557788571,2236733.5902805203,2237226.6763946014,0.1,0.1
2026-06-17,ncf_panel_2025_2026,2245947.407967686,2238226.5179678574,2242193.2091376684,2242687.498820319,0.1,0.1
2026-06-18,ncf_panel_2025_2026,2277465.3876268202,2269636.1483160937,2273658.5051222243,2274159.7313039694,0.1,0.1
2026-06-22,ncf_panel_2025_2026,2377349.632436119,2369177.0212084223,2373375.78906963,2373898.997846112,0.1,0.1
2026-06-23,ncf_panel_2025_2026,2343811.5547730518,2335754.2373440983,2339893.7717628637,2340409.599455663,0.1,0.1
2026-06-24,ncf_panel_2025_2026,2270694.427582623,2262888.4647909766,2266898.863032395,2267398.599056499,0.1,0.1
2026-06-25,ncf_panel_2025_2026,2273489.178233747,2265673.6079320237,2269688.9421361852,2270189.2932309755,0.1,0.1
2026-06-26,ncf_panel_2025_2026,2170034.2077350314,2162574.2844285686,2166406.901122741,2166884.4837749777,0.1,0.1
2026-06-29,ncf_panel_2025_2026,2205203.0556706903,2197622.23246899,2201516.962798622,2202002.2854356077,0.1,0.1
2026-06-30,ncf_panel_2025_2026,2283850.048772348,2275998.8609216805,2280032.4940288044,2280535.125351258,0.1,0.1
2026-07-01,ncf_panel_2025_2026,2320694.2300094743,2312716.382972818,2316815.088613633,2317325.828629365,0.1,0.1
2026-07-02,ncf_panel_2025_2026,2303269.5663253185,2295351.620028596,2299419.5510130995,2299926.456196612,0.1,0.1
2026-07-03,ncf_panel_2025_2026,2297856.437574781,2289957.0999825587,2294015.4705428337,2294521.18440117,0.1,0.1
2026-07-06,ncf_panel_2025_2026,2296836.822599431,2288940.9901360637,2292997.559898285,2293503.049359042,0.1,0.1
2026-07-07,ncf_panel_2025_2026,2243506.073439448,2235793.5760116265,2239755.9554063347,2240249.7077983674,0.1,0.1
2026-07-08,ncf_panel_2025_2026,2240742.043656538,2233039.048129711,2236996.5458194893,2237489.689901907,0.1,0.1
2026-07-09,ncf_panel_2025_2026,2231213.466913439,2223543.227760438,2227483.896507075,2227974.943533632,0.1,0.1
2026-07-10,ncf_panel_2025_2026,2231213.466913439,2223543.227760438,2227483.896507075,2227974.943533632,0.1,0.1
2026-07-13,ncf_panel_2025_2026,2235003.376823975,2227320.109103419,2231267.4714182685,2231759.3525308594,0.1,0.1
2026-07-14,ncf_panel_2025_2026,2197359.141692863,2189805.283502354,2193686.160264354,2194169.756607244,0.1,0.1
2026-07-15,ncf_panel_2025_2026,2241899.8979531117,2234192.9220723244,2238152.46471222,2238645.863616024,0.1,0.1
2026-07-16,ncf_panel_2025_2026,2246457.587409032,2238734.943566111,2242702.5357918763,2243196.9377551763,0.1,0.1
2026-07-17,ncf_panel_2025_2026,2080207.8275582278,2073056.700262735,2076730.6696494059,2077188.4832488173,0.1,0.1
2026-07-20,ncf_panel_2025_2026,2067075.249195487,2059969.2677447242,2063620.0429628931,2064074.9663352363,0.1,0.1
2026-07-21,ncf_panel_2025_2026,2155517.907506593,2148107.8868634207,2151914.8655218454,2152389.253416534,0.1,0.1
2026-07-22,ncf_panel_2025_2026,2179611.1091156625,2172118.263309841,2175967.7942959536,2176447.484639371,0.1,0.1
2026-07-23,ncf_panel_2025_2026,2184745.0842765295,2177234.5894120797,2181093.187793922,2181574.008026198,0.1,0.1
2026-07-24,ncf_panel_2025_2026,2131145.4851954216,2123819.2495914833,2127583.182775189,2128052.2067700615,0.1,0.1
2026-07-27,ncf_panel_2025_2026,2129394.868216648,2122074.6507060444,2125835.4920288776,2126304.1307467367,0.1,0.1
2026-07-28,ncf_panel_2025_2026,2020706.186774517,2013759.6081793495,2017328.4884476163,2017773.2068841418,0.1,0.1
2026-07-29,ncf_panel_2025_2026,1991500.5092554428,1984654.3309736107,1988171.629489468,1988609.9203199768,0.1,0.1
2026-07-30,ncf_panel_2025_2026,1990003.820492336,1983162.7873751963,1986677.4425067606,1987115.4039449557,0.1,0.1
2026-07-31,ncf_panel_2025_2026,2069261.5254586576,2062148.8757957523,2065802.6647701485,2066258.069299707,0.10021387733032887,0.1
2026-08-03,ncf_panel_2025_2026,2048016.301160966,2040980.4882624282,2044592.9527894058,2045043.6816550822,0.1,0.1
2026-08-04,ncf_panel_2025_2026,2028416.151163151,2021447.6731720988,2025025.565295258,2025471.9805461597,0.1,0.1
2026-08-05,ncf_panel_2025_2026,2084503.1652009832,2077342.0043018002,2081018.8274483697,2081477.5863687054,0.1,0.1
2026-08-06,ncf_panel_2025_2026,2075948.8923926372,2068817.1190832544,2072478.853479282,2072935.729769251,0.1,0.1
2026-08-07,ncf_panel_2025_2026,2070000.9904983137,2062889.6507786652,2066540.8937618115,2066996.4610333552,0.1,0.1
2026-08-10,ncf_panel_2025_2026,2095724.6499486102,2088524.9384445888,2092221.5549959121,2092682.7835484906,0.1,0.1
2026-08-11,ncf_panel_2025_2026,2100608.32155848,2093391.8325514256,2097097.0633361621,2097559.366690618,0.1,0.1
2026-08-12,ncf_panel_2025_2026,2113749.4398267576,2106487.8054517875,2110216.215653388,2110681.4111143798,0.1,0.1
2026-08-13,ncf_panel_2025_2026,2138428.9028547886,2131082.4839572515,2134854.425884983,2135325.052819528,0.1,0.1
2026-08-14,ncf_panel_2025_2026,2127928.1843675952,2120617.8399341796,2124371.259805704,2124839.575734751,0.1,0.1
2026-08-17,ncf_panel_2025_2026,2130589.4070769483,2123269.920204065,2127028.03416549,2127496.9357782993,0.1,0.1
2026-08-18,ncf_panel_2025_2026,2101807.929352126,2094587.3191786613,2098294.6659331773,2098757.2332981583,0.1,0.1
2026-08-19,ncf_panel_2025_2026,2074164.684420619,2067039.0406295685,2070697.6278885328,2071154.1115087587,0.1,0.1
2026-08-20,ncf_panel_2025_2026,2085964.813266623,2078798.6309804975,2082478.0323056611,2082937.1129065293,0.1,0.1
2026-08-21,ncf_panel_2025_2026,2102499.948591928,2095276.9610360707,2098985.5284327045,2099448.248097766,0.1,0.1
2026-08-24,ncf_panel_2025_2026,2085081.7478735037,2077918.5992951076,2081596.4429947753,2082055.3292499913,0.1,0.1
2026-08-25,ncf_panel_2025_2026,2098451.6255519725,2091242.545719138,2094943.972340883,2095405.8010481673,0.1,0.1
2026-08-26,ncf_panel_2025_2026,2125515.4778866298,2118213.4221330313,2121962.5862686164,2122430.371207527,0.1,0.1
2026-08-27,ncf_panel_2025_2026,2129530.196538596,2122214.348507436,2125970.5941436463,2126439.2626446565,0.1,0.1
2026-08-28,ncf_panel_2025_2026,2142711.6371597475,2135350.5052361246,2139130.0014131786,2139601.5708948965,0.1,0.1
2026-08-31,ncf_panel_2025_2026,2131267.051781206,2123945.236908614,2127704.5461571347,2128173.5969064664,0.1,0.1
2026-09-01,ncf_panel_2025_2026,2171713.571219095,2164252.805234151,2168083.4574776595,2168561.409725391,0.1,0.1
2026-09-02,ncf_panel_2025_2026,2141334.6894293497,2133978.287910752,2137755.355310833,2138226.621752928,0.1,0.1
2026-09-03,ncf_panel_2025_2026,2130354.746044847,2123036.065333084,2126793.7653795155,2127262.61534796,0.1,0.1
2026-09-04,ncf_panel_2025_2026,2162880.590561566,2155450.1696472187,2159265.241531687,2159741.2498108326,0.1,0.1
2026-09-07,ncf_panel_2025_2026,2197097.5584500227,2189549.5876002177,2193425.0142692877,2193908.553042753,0.1,0.1
2026-09-08,ncf_panel_2025_2026,2191337.9846950853,2183809.800447219,2187675.067892523,2188157.339094952,0.1,0.1
2026-09-09,ncf_panel_2025_2026,2191876.8474395988,2184346.811967479,2188213.0299045094,2188695.4197002295,0.1,0.1
2026-09-10,ncf_panel_2025_2026,2182352.621367243,2174855.3056896925,2178704.7239905023,2179185.0176878604,0.1,0.1
2026-05-04,trade_record_period_20260501_20260904,998459.1660560998,998459.1660560998,998459.1660560998,998459.1660560998,0.1,0.1
2026-05-05,trade_record_period_20260501_20260904,999466.1298481076,999466.1298481076,999466.1298481076,999466.1298481076,0.1,0.1
2026-05-06,trade_record_period_20260501_20260904,1011130.591435045,1011130.591435045,1011130.591435045,1011130.591435045,0.1,0.1
2026-05-07,trade_record_period_20260501_20260904,1029542.9744541727,1029542.9744541727,1029542.9744541727,1029542.9744541727,0.1,0.1
2026-05-08,trade_record_period_20260501_20260904,1023212.0042930348,1023212.0042930348,1023212.0042930348,1023212.0042930348,0.1,0.1
2026-05-11,trade_record_period_20260501_20260904,1024550.1058501793,1024550.1058501793,1024550.1058501793,1024550.1058501793,0.1,0.1
2026-05-12,trade_record_period_20260501_20260904,1022743.46787809,1022743.46787809,1022743.46787809,1022743.46787809,0.1,0.1
2026-05-13,trade_record_period_20260501_20260904,1012145.9108286318,1012145.9108286318,1012145.9108286318,1012145.9108286318,0.1,0.1
2026-05-14,trade_record_period_20260501_20260904,1016583.6152982456,1016583.6152982456,1016583.6152982456,1016583.6152982456,0.1,0.1
2026-05-15,trade_record_period_20260501_20260904,1008794.8514671179,1008794.8514671179,1008794.8514671179,1008794.8514671179,0.1,0.1
2026-05-18,trade_record_period_20260501_20260904,1003215.7405408544,1003215.7405408544,1003215.7405408544,1003215.7405408544,0.1,0.1
2026-05-19,trade_record_period_20260501_20260904,988386.8572282348,988386.8572282348,988386.8572282348,988386.8572282348,0.1,0.1
2026-05-20,trade_record_period_20260501_20260904,982143.6442416223,982143.6442416223,982143.6442416223,982143.6442416223,0.1,0.1
2026-05-21,trade_record_period_20260501_20260904,1013551.948149311,1013551.948149311,1013551.948149311,1013551.948149311,0.1,0.1
2026-05-22,trade_record_period_20260501_20260904,1027175.8235260134,1027175.8235260134,1027175.8235260134,1027175.8235260134,0.1,0.1
2026-05-25,trade_record_period_20260501_20260904,1058471.5435330654,1058471.5435330654,1058471.5435330654,1058471.5435330654,0.1,0.1
2026-05-26,trade_record_period_20260501_20260904,1053482.9120213846,1053482.9120213846,1053482.9120213846,1053482.9120213846,0.1,0.1
2026-05-27,trade_record_period_20260501_20260904,1074729.982746516,1074729.982746516,1074729.982746516,1074729.982746516,0.1,0.1
2026-05-28,trade_record_period_20260501_20260904,1055731.0984580466,1055731.0984580466,1055731.0984580466,1055731.0984580466,0.1,0.1
2026-05-29,trade_record_period_20260501_20260904,1098303.9346559814,1098303.9346559814,1098303.9346559814,1098303.9346559814,0.1,0.1
2026-06-01,trade_record_period_20260501_20260904,1106142.7676854648,1106142.7676854648,1106142.7676854648,1106142.7676854648,0.1,0.1
2026-06-02,trade_record_period_20260501_20260904,1109768.3337614196,1109768.3337614196,1109768.3337614196,1109768.3337614196,0.1,0.1
2026-06-03,trade_record_period_20260501_20260904,1129427.9656576852,1129427.9656576852,1129427.9656576852,1129427.9656576852,0.1,0.1
2026-06-04,trade_record_period_20260501_20260904,1116609.0140111274,1116609.0140111274,1116609.0140111274,1116609.0140111274,0.1,0.1
2026-06-05,trade_record_period_20260501_20260904,1095653.2227501457,1095653.2227501457,1095653.2227501457,1095653.2227501457,0.1,0.1
2026-06-08,trade_record_period_20260501_20260904,1058119.8019257444,1058119.8019257444,1058119.8019257444,1058119.8019257444,0.1,0.1
2026-06-09,trade_record_period_20260501_20260904,1084933.9934838668,1084933.9934838668,1084933.9934838668,1084933.9934838668,0.1,0.1
2026-06-10,trade_record_period_20260501_20260904,1054605.0439208786,1054605.0439208786,1054605.0439208786,1054605.0439208786,0.1,0.1
2026-06-11,trade_record_period_20260501_20260904,1051732.1649097127,1051732.1649097127,1051732.1649097127,1051732.1649097127,0.1,0.1
2026-06-12,trade_record_period_20260501_20260904,1073455.286399035,1073455.286399035,1073455.286399035,1073455.286399035,0.1,0.1
2026-06-15,trade_record_period_20260501_20260904,1105712.075749756,1105712.075749756,1105712.075749756,1105712.075749756,0.1,0.1
2026-06-16,trade_record_period_20260501_20260904,1111051.5531123523,1111051.5531123523,1111051.5531123523,1111051.5531123523,0.1,0.1
2026-06-17,trade_record_period_20260501_20260904,1113281.3814905887,1113281.3814905887,1113281.3814905887,1113281.3814905887,0.1,0.1
2026-06-18,trade_record_period_20260501_20260904,1126310.7786583714,1126310.7786583714,1126310.7786583714,1126310.7786583714,0.1,0.1
2026-06-22,trade_record_period_20260501_20260904,1164567.6852414957,1164567.6852414957,1164567.6852414957,1164567.6852414957,0.1,0.1
2026-06-23,trade_record_period_20260501_20260904,1151831.8458837108,1151831.8458837108,1151831.8458837108,1151831.8458837108,0.1,0.1
2026-06-24,trade_record_period_20260501_20260904,1123703.6845353406,1123703.6845353406,1123703.6845353406,1123703.6845353406,0.1,0.1
2026-06-25,trade_record_period_20260501_20260904,1125095.245913317,1125095.245913317,1125095.245913317,1125095.245913317,0.1,0.1
2026-06-26,trade_record_period_20260501_20260904,1083830.0027231288,1083830.0027231288,1083830.0027231288,1083830.0027231288,0.1,0.1
2026-06-29,trade_record_period_20260501_20260904,1097691.080327918,1097691.080327918,1097691.080327918,1097691.080327918,0.1,0.1
2026-06-30,trade_record_period_20260501_20260904,1128645.7067673798,1128645.7067673798,1128645.7067673798,1128645.7067673798,0.1,0.1
2026-07-01,trade_record_period_20260501_20260904,1142603.2314931278,1142603.2314931278,1142603.2314931278,1142603.2314931278,0.1,0.1
2026-07-02,trade_record_period_20260501_20260904,1136209.1224430543,1136209.1224430543,1136209.1224430543,1136209.1224430543,0.1,0.1
2026-07-03,trade_record_period_20260501_20260904,1134397.3332688343,1134397.3332688343,1134397.3332688343,1134397.3332688343,0.1,0.1
2026-07-06,trade_record_period_20260501_20260904,1134518.0303153845,1134518.0303153845,1134518.0303153845,1134518.0303153845,0.1,0.1
2026-07-07,trade_record_period_20260501_20260904,1113659.7837235813,1113659.7837235813,1113659.7837235813,1113659.7837235813,0.1,0.1
2026-07-08,trade_record_period_20260501_20260904,1112448.6266287477,1112448.6266287477,1112448.6266287477,1112448.6266287477,0.1,0.1
2026-07-09,trade_record_period_20260501_20260904,1109059.6497584733,1109059.6497584733,1109059.6497584733,1109059.6497584733,0.1,0.1
2026-07-10,trade_record_period_20260501_20260904,1109059.6497584733,1109059.6497584733,1109059.6497584733,1109059.6497584733,0.1,0.1
2026-07-13,trade_record_period_20260501_20260904,1110620.756461725,1110620.756461725,1110620.756461725,1110620.756461725,0.1,0.1
2026-07-14,trade_record_period_20260501_20260904,1095295.4114335796,1095295.4114335796,1095295.4114335796,1095295.4114335796,0.1,0.1
2026-07-15,trade_record_period_20260501_20260904,1113389.847068738,1113389.847068738,1113389.847068738,1113389.847068738,0.1,0.1
2026-07-16,trade_record_period_20260501_20260904,1115352.5156971817,1115352.5156971817,1115352.5156971817,1115352.5156971817,0.1,0.1
2026-07-17,trade_record_period_20260501_20260904,1051390.7345723743,1051390.7345723743,1051390.7345723743,1051390.7345723743,0.1,0.1
2026-07-20,trade_record_period_20260501_20260904,1045372.6580585848,1045372.6580585848,1045372.6580585848,1045372.6580585848,0.1,0.1
2026-07-21,trade_record_period_20260501_20260904,1080943.2156322114,1080943.2156322114,1080943.2156322114,1080943.2156322114,0.1,0.1
2026-07-22,trade_record_period_20260501_20260904,1090986.9400532641,1090986.9400532641,1090986.9400532641,1090986.9400532641,0.1,0.1
2026-07-23,trade_record_period_20260501_20260904,1092378.5507034613,1092378.5507034613,1092378.5507034613,1092378.5507034613,0.1,0.1
2026-07-24,trade_record_period_20260501_20260904,1072179.99884936,1072179.99884936,1072179.99884936,1072179.99884936,0.1,0.1
2026-07-27,trade_record_period_20260501_20260904,1071377.122500804,1071377.122500804,1071377.122500804,1071377.122500804,0.1,0.1
2026-07-28,trade_record_period_20260501_20260904,1028468.7509257857,1028468.7509257857,1028468.7509257857,1028468.7509257857,0.1,0.1
2026-07-29,trade_record_period_20260501_20260904,1013604.0828832092,1013604.0828832092,1013604.0828832092,1013604.0828832092,0.1,0.1
2026-07-30,trade_record_period_20260501_20260904,1012842.3206672119,1012842.3206672119,1012842.3206672119,1012842.3206672119,0.1,0.1
2026-07-31,trade_record_period_20260501_20260904,1053181.7195177055,1053182.152377238,1053181.7195177055,1053181.7195177055,0.10021387733032887,0.1
2026-08-03,trade_record_period_20260501_20260904,1042368.6436536374,1042371.0183187921,1042368.6436536374,1042368.6436536374,0.1,0.1
2026-08-04,trade_record_period_20260501_20260904,1032392.8530522401,1032395.2049911141,1032392.8530522401,1032392.8530522401,0.1,0.1
2026-08-05,trade_record_period_20260501_20260904,1060939.1808895997,1060941.5978610998,1060939.1808895997,1060939.1808895997,0.1,0.1
2026-08-06,trade_record_period_20260501_20260904,1056585.3553172038,1056587.762370065,1056585.3553172038,1056585.3553172038,0.1,0.1
2026-08-07,trade_record_period_20260501_20260904,1053558.081351339,1053560.4815076364,1053558.081351339,1053558.081351339,0.1,0.1
2026-08-10,trade_record_period_20260501_20260904,1066650.524021748,1066652.954004506,1066650.524021748,1066650.524021748,0.1,0.1
2026-08-11,trade_record_period_20260501_20260904,1069136.1420068904,1069138.5776522425,1069136.1420068904,1069136.1420068904,0.1,0.1
2026-08-12,trade_record_period_20260501_20260904,1075824.5114391216,1075826.9623215378,1075824.5114391216,1075824.5114391216,0.1,0.1
2026-08-13,trade_record_period_20260501_20260904,1088385.49466374,1088387.9741618764,1088385.49466374,1088385.49466374,0.1,0.1
2026-08-14,trade_record_period_20260501_20260904,1083040.9963408122,1083043.463663415,1083040.9963408122,1083040.9963408122,0.1,0.1
2026-08-17,trade_record_period_20260501_20260904,1084395.4655920756,1084397.936000354,1084395.4655920756,1084395.4655920756,0.1,0.1
2026-08-18,trade_record_period_20260501_20260904,1069746.7004033593,1069749.137439651,1069746.7004033593,1069746.7004033593,0.1,0.1
2026-08-19,trade_record_period_20260501_20260904,1055677.2558832613,1055679.660867342,1055677.2558832613,1055677.2558832613,0.1,0.1
2026-08-20,trade_record_period_20260501_20260904,1061683.10861655,1061685.527282824,1061683.10861655,1061683.10861655,0.1,0.1
2026-08-21,trade_record_period_20260501_20260904,1070098.9139848456,1070101.3518235302,1070098.9139848456,1070098.9139848456,0.1,0.1
2026-08-24,trade_record_period_20260501_20260904,1061233.6592271281,1061236.076869492,1061233.6592271281,1061233.6592271281,0.1,0.1
2026-08-25,trade_record_period_20260501_20260904,1068038.4591955757,1068040.892340249,1068038.4591955757,1068038.4591955757,0.1,0.1
2026-08-26,trade_record_period_20260501_20260904,1081813.0131549984,1081815.4776800799,1081813.0131549984,1081813.0131549984,0.1,0.1
2026-08-27,trade_record_period_20260501_20260904,1083856.3644864936,1083858.833666622,1083856.3644864936,1083856.3644864936,0.1,0.1
2026-08-28,trade_record_period_20260501_20260904,1090565.2565855854,1090567.7410495316,1090565.2565855854,1090565.2565855854,0.1,0.1
2026-08-31,trade_record_period_20260501_20260904,1084740.3630378898,1084742.8342318935,1084740.3630378898,1084740.3630378898,0.1,0.1
2026-09-01,trade_record_period_20260501_20260904,1105326.2263355027,1105328.7444270535,1105326.2263355027,1105326.2263355027,0.1,0.1
2026-09-02,trade_record_period_20260501_20260904,1089864.4383658757,1089866.9212332575,1089864.4383658757,1089864.4383658757,0.1,0.1
2026-09-03,trade_record_period_20260501_20260904,1084276.031336786,1084278.5014729758,1084276.031336786,1084276.031336786,0.1,0.1
2026-09-04,trade_record_period_20260501_20260904,1100830.5482189818,1100833.0560687333,1100830.5482189818,1100830.5482189818,0.1,0.1
